10/1/2001 0:00,0
10/1/2001 1:00,0
10/1/2001 2:00,0
10/1/2001 3:00,0
10/1/2001 4:00,0
10/1/2001 5:00,0
10/1/2001 6:00,0
10/1/2001 7:00,0
10/1/2001 8:00,0
10/1/2001 9:00,0
10/1/2001 10:00,0
10/1/2001 11:00,0
10/1/2001 12:00,0
10/1/2001 13:00,0
10/1/2001 14:00,0
10/1/2001 15:00,0
10/1/2001 16:00,0
10/1/2001 17:00,0
10/1/2001 18:00,0
10/1/2001 19:00,0
10/1/2001 20:00,0
10/1/2001 21:00,0
10/1/2001 22:00,0
10/1/2001 23:00,0
10/2/2001 0:00,0
10/2/2001 1:00,0
10/2/2001 2:00,0
10/2/2001 3:00,0
10/2/2001 4:00,0
10/2/2001 5:00,0
10/2/2001 6:00,0
10/2/2001 7:00,0
10/2/2001 8:00,0
10/2/2001 9:00,0
10/2/2001 10:00,0
10/2/2001 11:00,0
10/2/2001 12:00,0
10/2/2001 13:00,0
10/2/2001 14:00,0
10/2/2001 15:00,0
10/2/2001 16:00,0
10/2/2001 17:00,0
10/2/2001 18:00,0
10/2/2001 19:00,0
10/2/2001 20:00,0
10/2/2001 21:00,0
10/2/2001 22:00,0
10/2/2001 23:00,0
10/3/2001 0:00,0
10/3/2001 1:00,0
10/3/2001 2:00,0
10/3/2001 3:00,0
10/3/2001 4:00,0
10/3/2001 5:00,0
10/3/2001 6:00,0
10/3/2001 7:00,0
10/3/2001 8:00,0
10/3/2001 9:00,0
10/3/2001 10:00,0
10/3/2001 11:00,0
10/3/2001 12:00,0
10/3/2001 13:00,0
10/3/2001 14:00,0
10/3/2001 15:00,0
10/3/2001 16:00,0
10/3/2001 17:00,0
10/3/2001 18:00,0
10/3/2001 19:00,0
10/3/2001 20:00,0
10/3/2001 21:00,0
10/3/2001 22:00,0
10/3/2001 23:00,0
10/4/2001 0:00,0
10/4/2001 1:00,0
10/4/2001 2:00,0
10/4/2001 3:00,0
10/4/2001 4:00,0
10/4/2001 5:00,0
10/4/2001 6:00,0
10/4/2001 7:00,0
10/4/2001 8:00,0
10/4/2001 9:00,0
10/4/2001 10:00,0
10/4/2001 11:00,0
10/4/2001 12:00,0
10/4/2001 13:00,0
10/4/2001 14:00,0
10/4/2001 15:00,0
10/4/2001 16:00,0
10/4/2001 17:00,0
10/4/2001 18:00,0
10/4/2001 19:00,0
10/4/2001 20:00,0
10/4/2001 21:00,0
10/4/2001 22:00,0
10/4/2001 23:00,0
10/5/2001 0:00,0
10/5/2001 1:00,0
10/5/2001 2:00,0
10/5/2001 3:00,0
10/5/2001 4:00,0
10/5/2001 5:00,0
10/5/2001 6:00,0
10/5/2001 7:00,0
10/5/2001 8:00,0
10/5/2001 9:00,0
10/5/2001 10:00,0
10/5/2001 11:00,0
10/5/2001 12:00,0
10/5/2001 13:00,0
10/5/2001 14:00,0
10/5/2001 15:00,0
10/5/2001 16:00,0
10/5/2001 17:00,0
10/5/2001 18:00,0
10/5/2001 19:00,0
10/5/2001 20:00,0
10/5/2001 21:00,0
10/5/2001 22:00,0
10/5/2001 23:00,0
10/6/2001 0:00,0
10/6/2001 1:00,0
10/6/2001 2:00,0
10/6/2001 3:00,0
10/6/2001 4:00,0
10/6/2001 5:00,0
10/6/2001 6:00,0
10/6/2001 7:00,0
10/6/2001 8:00,0
10/6/2001 9:00,0
10/6/2001 10:00,0
10/6/2001 11:00,0
10/6/2001 12:00,0
10/6/2001 13:00,0
10/6/2001 14:00,0
10/6/2001 15:00,0
10/6/2001 16:00,0
10/6/2001 17:00,0
10/6/2001 18:00,0
10/6/2001 19:00,0
10/6/2001 20:00,0
10/6/2001 21:00,0
10/6/2001 22:00,0
10/6/2001 23:00,0
10/7/2001 0:00,0
10/7/2001 1:00,0
10/7/2001 2:00,0
10/7/2001 3:00,0
10/7/2001 4:00,0
10/7/2001 5:00,0
10/7/2001 6:00,0
10/7/2001 7:00,0
10/7/2001 8:00,0
10/7/2001 9:00,0
10/7/2001 10:00,0
10/7/2001 11:00,0
10/7/2001 12:00,0
10/7/2001 13:00,0
10/7/2001 14:00,0
10/7/2001 15:00,0
10/7/2001 16:00,0
10/7/2001 17:00,0
10/7/2001 18:00,0
10/7/2001 19:00,0
10/7/2001 20:00,0
10/7/2001 21:00,0
10/7/2001 22:00,0
10/7/2001 23:00,0
10/8/2001 0:00,0
10/8/2001 1:00,0
10/8/2001 2:00,0
10/8/2001 3:00,0
10/8/2001 4:00,0
10/8/2001 5:00,0.0555
10/8/2001 6:00,0.1111
10/8/2001 7:00,0
10/8/2001 8:00,0
10/8/2001 9:00,0
10/8/2001 10:00,0
10/8/2001 11:00,0
10/8/2001 12:00,0
10/8/2001 13:00,0
10/8/2001 14:00,0
10/8/2001 15:00,0
10/8/2001 16:00,0
10/8/2001 17:00,0
10/8/2001 18:00,0
10/8/2001 19:00,0
10/8/2001 20:00,0
10/8/2001 21:00,0
10/8/2001 22:00,0
10/8/2001 23:00,0
10/9/2001 0:00,0
10/9/2001 1:00,0
10/9/2001 2:00,0
10/9/2001 3:00,0
10/9/2001 4:00,0
10/9/2001 5:00,0
10/9/2001 6:00,0
10/9/2001 7:00,0
10/9/2001 8:00,0
10/9/2001 9:00,0
10/9/2001 10:00,0
10/9/2001 11:00,0
10/9/2001 12:00,0
10/9/2001 13:00,0
10/9/2001 14:00,0
10/9/2001 15:00,0
10/9/2001 16:00,0
10/9/2001 17:00,0
10/9/2001 18:00,0
10/9/2001 19:00,0
10/9/2001 20:00,0
10/9/2001 21:00,0
10/9/2001 22:00,0
10/9/2001 23:00,0
10/10/2001 0:00,0
10/10/2001 1:00,0
10/10/2001 2:00,0
10/10/2001 3:00,0
10/10/2001 4:00,0
10/10/2001 5:00,0
10/10/2001 6:00,0
10/10/2001 7:00,0
10/10/2001 8:00,0
10/10/2001 9:00,0
10/10/2001 10:00,0
10/10/2001 11:00,0
10/10/2001 12:00,0
10/10/2001 13:00,0.0493
10/10/2001 14:00,0.0493
10/10/2001 15:00,0
10/10/2001 16:00,0
10/10/2001 17:00,0.5917
10/10/2001 18:00,0.0986
10/10/2001 19:00,0
10/10/2001 20:00,0
10/10/2001 21:00,0
10/10/2001 22:00,0
10/10/2001 23:00,0
10/11/2001 0:00,0
10/11/2001 1:00,0
10/11/2001 2:00,0
10/11/2001 3:00,0
10/11/2001 4:00,0
10/11/2001 5:00,0
10/11/2001 6:00,0
10/11/2001 7:00,0
10/11/2001 8:00,0
10/11/2001 9:00,0
10/11/2001 10:00,0
10/11/2001 11:00,0
10/11/2001 12:00,0
10/11/2001 13:00,0
10/11/2001 14:00,0
10/11/2001 15:00,0
10/11/2001 16:00,0
10/11/2001 17:00,0
10/11/2001 18:00,0
10/11/2001 19:00,0
10/11/2001 20:00,0
10/11/2001 21:00,0
10/11/2001 22:00,0
10/11/2001 23:00,0
10/12/2001 0:00,0
10/12/2001 1:00,0
10/12/2001 2:00,0
10/12/2001 3:00,0
10/12/2001 4:00,0
10/12/2001 5:00,0.1949
10/12/2001 6:00,0.6333
10/12/2001 7:00,0.3897
10/12/2001 8:00,0.0974
10/12/2001 9:00,0
10/12/2001 10:00,0
10/12/2001 11:00,0
10/12/2001 12:00,0
10/12/2001 13:00,0
10/12/2001 14:00,0
10/12/2001 15:00,0
10/12/2001 16:00,0
10/12/2001 17:00,0
10/12/2001 18:00,0
10/12/2001 19:00,0
10/12/2001 20:00,0
10/12/2001 21:00,0
10/12/2001 22:00,0
10/12/2001 23:00,0
10/13/2001 0:00,0.0019
10/13/2001 1:00,0.0019
10/13/2001 2:00,0.002
10/13/2001 3:00,0.002
10/13/2001 4:00,0.0022
10/13/2001 5:00,0.0027
10/13/2001 6:00,0.0027
10/13/2001 7:00,0.0034
10/13/2001 8:00,0.0034
10/13/2001 9:00,0.0045
10/13/2001 10:00,0.0057
10/13/2001 11:00,0.0093
10/13/2001 12:00,0.0719
10/13/2001 13:00,0.019
10/13/2001 14:00,0.0083
10/13/2001 15:00,0.0052
10/13/2001 16:00,0.0042
10/13/2001 17:00,0.0037
10/13/2001 18:00,0.0032
10/13/2001 19:00,0.0027
10/13/2001 20:00,0.0025
10/13/2001 21:00,0.002
10/13/2001 22:00,0.002
10/13/2001 23:00,0.002
10/14/2001 0:00,0.1057
10/14/2001 1:00,0
10/14/2001 2:00,0
10/14/2001 3:00,0
10/14/2001 4:00,0
10/14/2001 5:00,0
10/14/2001 6:00,0.1585
10/14/2001 7:00,0
10/14/2001 8:00,0
10/14/2001 9:00,0
10/14/2001 10:00,0
10/14/2001 11:00,0
10/14/2001 12:00,0
10/14/2001 13:00,0
10/14/2001 14:00,0
10/14/2001 15:00,0
10/14/2001 16:00,0
10/14/2001 17:00,0
10/14/2001 18:00,0
10/14/2001 19:00,0
10/14/2001 20:00,0
10/14/2001 21:00,0
10/14/2001 22:00,0
10/14/2001 23:00,0
10/15/2001 0:00,0
10/15/2001 1:00,0
10/15/2001 2:00,0
10/15/2001 3:00,0
10/15/2001 4:00,0
10/15/2001 5:00,0
10/15/2001 6:00,0
10/15/2001 7:00,0
10/15/2001 8:00,0
10/15/2001 9:00,0
10/15/2001 10:00,0
10/15/2001 11:00,0
10/15/2001 12:00,0
10/15/2001 13:00,0
10/15/2001 14:00,0
10/15/2001 15:00,0
10/15/2001 16:00,0
10/15/2001 17:00,0
10/15/2001 18:00,0
10/15/2001 19:00,0
10/15/2001 20:00,0
10/15/2001 21:00,0
10/15/2001 22:00,0
10/15/2001 23:00,0
10/16/2001 0:00,0
10/16/2001 1:00,0
10/16/2001 2:00,0
10/16/2001 3:00,0
10/16/2001 4:00,0
10/16/2001 5:00,0
10/16/2001 6:00,0
10/16/2001 7:00,0
10/16/2001 8:00,0
10/16/2001 9:00,0
10/16/2001 10:00,0
10/16/2001 11:00,0
10/16/2001 12:00,0
10/16/2001 13:00,0
10/16/2001 14:00,0
10/16/2001 15:00,0
10/16/2001 16:00,0
10/16/2001 17:00,0
10/16/2001 18:00,0
10/16/2001 19:00,0
10/16/2001 20:00,0
10/16/2001 21:00,0
10/16/2001 22:00,0
10/16/2001 23:00,0
10/17/2001 0:00,0
10/17/2001 1:00,0
10/17/2001 2:00,0
10/17/2001 3:00,0
10/17/2001 4:00,0
10/17/2001 5:00,0
10/17/2001 6:00,0
10/17/2001 7:00,0
10/17/2001 8:00,0
10/17/2001 9:00,0
10/17/2001 10:00,0
10/17/2001 11:00,0
10/17/2001 12:00,0
10/17/2001 13:00,0
10/17/2001 14:00,0
10/17/2001 15:00,0
10/17/2001 16:00,0
10/17/2001 17:00,0
10/17/2001 18:00,0
10/17/2001 19:00,0
10/17/2001 20:00,0
10/17/2001 21:00,0
10/17/2001 22:00,0
10/17/2001 23:00,0
10/18/2001 0:00,0
10/18/2001 1:00,0
10/18/2001 2:00,0
10/18/2001 3:00,0
10/18/2001 4:00,0
10/18/2001 5:00,0
10/18/2001 6:00,0
10/18/2001 7:00,0
10/18/2001 8:00,0
10/18/2001 9:00,0
10/18/2001 10:00,0
10/18/2001 11:00,0
10/18/2001 12:00,0
10/18/2001 13:00,0
10/18/2001 14:00,0
10/18/2001 15:00,0
10/18/2001 16:00,0
10/18/2001 17:00,0
10/18/2001 18:00,0
10/18/2001 19:00,0
10/18/2001 20:00,0
10/18/2001 21:00,0
10/18/2001 22:00,0
10/18/2001 23:00,0
10/19/2001 0:00,0
10/19/2001 1:00,0
10/19/2001 2:00,0
10/19/2001 3:00,0
10/19/2001 4:00,0
10/19/2001 5:00,0
10/19/2001 6:00,0
10/19/2001 7:00,0
10/19/2001 8:00,0.044
10/19/2001 9:00,0.1321
10/19/2001 10:00,0.044
10/19/2001 11:00,0.044
10/19/2001 12:00,0
10/19/2001 13:00,0
10/19/2001 14:00,0
10/19/2001 15:00,0
10/19/2001 16:00,0
10/19/2001 17:00,0
10/19/2001 18:00,0
10/19/2001 19:00,0
10/19/2001 20:00,0
10/19/2001 21:00,0
10/19/2001 22:00,0
10/19/2001 23:00,0
10/20/2001 0:00,0
10/20/2001 1:00,0
10/20/2001 2:00,0
10/20/2001 3:00,0
10/20/2001 4:00,0
10/20/2001 5:00,0
10/20/2001 6:00,0
10/20/2001 7:00,0
10/20/2001 8:00,0
10/20/2001 9:00,0
10/20/2001 10:00,0
10/20/2001 11:00,0
10/20/2001 12:00,0
10/20/2001 13:00,0
10/20/2001 14:00,0
10/20/2001 15:00,0
10/20/2001 16:00,0
10/20/2001 17:00,0
10/20/2001 18:00,0
10/20/2001 19:00,0
10/20/2001 20:00,0
10/20/2001 21:00,0
10/20/2001 22:00,0
10/20/2001 23:00,0
10/21/2001 0:00,0
10/21/2001 1:00,0
10/21/2001 2:00,0
10/21/2001 3:00,0
10/21/2001 4:00,0
10/21/2001 5:00,0
10/21/2001 6:00,0
10/21/2001 7:00,0
10/21/2001 8:00,0
10/21/2001 9:00,0
10/21/2001 10:00,0
10/21/2001 11:00,0.0457
10/21/2001 12:00,0.1827
10/21/2001 13:00,0.2741
10/21/2001 14:00,0.2284
10/21/2001 15:00,0.2284
10/21/2001 16:00,0
10/21/2001 17:00,0
10/21/2001 18:00,0
10/21/2001 19:00,0
10/21/2001 20:00,0
10/21/2001 21:00,0
10/21/2001 22:00,0
10/21/2001 23:00,0
10/22/2001 0:00,0
10/22/2001 1:00,0
10/22/2001 2:00,0
10/22/2001 3:00,0
10/22/2001 4:00,0
10/22/2001 5:00,0
10/22/2001 6:00,0
10/22/2001 7:00,0
10/22/2001 8:00,0
10/22/2001 9:00,0
10/22/2001 10:00,0
10/22/2001 11:00,0
10/22/2001 12:00,0
10/22/2001 13:00,0
10/22/2001 14:00,0
10/22/2001 15:00,0.0424
10/22/2001 16:00,0.2122
10/22/2001 17:00,0.0849
10/22/2001 18:00,0.0424
10/22/2001 19:00,0.0424
10/22/2001 20:00,0.2971
10/22/2001 21:00,0
10/22/2001 22:00,0
10/22/2001 23:00,0
10/23/2001 0:00,0
10/23/2001 1:00,0
10/23/2001 2:00,0
10/23/2001 3:00,0
10/23/2001 4:00,0
10/23/2001 5:00,0
10/23/2001 6:00,0
10/23/2001 7:00,0
10/23/2001 8:00,0
10/23/2001 9:00,0
10/23/2001 10:00,0
10/23/2001 11:00,0
10/23/2001 12:00,0
10/23/2001 13:00,0
10/23/2001 14:00,0
10/23/2001 15:00,0
10/23/2001 16:00,0
10/23/2001 17:00,0
10/23/2001 18:00,0
10/23/2001 19:00,0
10/23/2001 20:00,0
10/23/2001 21:00,0
10/23/2001 22:00,0
10/23/2001 23:00,0
10/24/2001 0:00,0
10/24/2001 1:00,0
10/24/2001 2:00,0
10/24/2001 3:00,0
10/24/2001 4:00,0
10/24/2001 5:00,0
10/24/2001 6:00,0
10/24/2001 7:00,0
10/24/2001 8:00,0
10/24/2001 9:00,0
10/24/2001 10:00,0
10/24/2001 11:00,0
10/24/2001 12:00,0
10/24/2001 13:00,0
10/24/2001 14:00,0
10/24/2001 15:00,0
10/24/2001 16:00,0
10/24/2001 17:00,0
10/24/2001 18:00,0
10/24/2001 19:00,0
10/24/2001 20:00,0
10/24/2001 21:00,0
10/24/2001 22:00,0
10/24/2001 23:00,0
10/25/2001 0:00,0
10/25/2001 1:00,0
10/25/2001 2:00,0
10/25/2001 3:00,0.0775
10/25/2001 4:00,0.1549
10/25/2001 5:00,0.0775
10/25/2001 6:00,0.1549
10/25/2001 7:00,0
10/25/2001 8:00,0
10/25/2001 9:00,0
10/25/2001 10:00,0.0775
10/25/2001 11:00,0
10/25/2001 12:00,0
10/25/2001 13:00,0
10/25/2001 14:00,0
10/25/2001 15:00,0
10/25/2001 16:00,0
10/25/2001 17:00,0
10/25/2001 18:00,0
10/25/2001 19:00,0
10/25/2001 20:00,0
10/25/2001 21:00,0
10/25/2001 22:00,0
10/25/2001 23:00,0
10/26/2001 0:00,0
10/26/2001 1:00,0
10/26/2001 2:00,0
10/26/2001 3:00,0
10/26/2001 4:00,0
10/26/2001 5:00,0
10/26/2001 6:00,0
10/26/2001 7:00,0
10/26/2001 8:00,0
10/26/2001 9:00,0
10/26/2001 10:00,0
10/26/2001 11:00,0
10/26/2001 12:00,0
10/26/2001 13:00,0
10/26/2001 14:00,0
10/26/2001 15:00,0
10/26/2001 16:00,0
10/26/2001 17:00,0
10/26/2001 18:00,0
10/26/2001 19:00,0
10/26/2001 20:00,0
10/26/2001 21:00,0
10/26/2001 22:00,0
10/26/2001 23:00,0
10/27/2001 0:00,0
10/27/2001 1:00,0
10/27/2001 2:00,0
10/27/2001 3:00,0
10/27/2001 4:00,0
10/27/2001 5:00,0
10/27/2001 6:00,0
10/27/2001 7:00,0
10/27/2001 8:00,0
10/27/2001 9:00,0
10/27/2001 10:00,0
10/27/2001 11:00,0
10/27/2001 12:00,0
10/27/2001 13:00,0.0716
10/27/2001 14:00,0.0716
10/27/2001 15:00,0.0716
10/27/2001 16:00,0.1432
10/27/2001 17:00,0.0716
10/27/2001 18:00,0.2149
10/27/2001 19:00,0.0716
10/27/2001 20:00,0
10/27/2001 21:00,0
10/27/2001 22:00,0
10/27/2001 23:00,0
10/28/2001 0:00,0
10/28/2001 1:00,0
10/28/2001 2:00,0
10/28/2001 3:00,0
10/28/2001 4:00,0
10/28/2001 5:00,0
10/28/2001 6:00,0
10/28/2001 7:00,0
10/28/2001 8:00,0
10/28/2001 9:00,0
10/28/2001 10:00,0
10/28/2001 11:00,0
10/28/2001 12:00,0
10/28/2001 13:00,0
10/28/2001 14:00,0
10/28/2001 15:00,0
10/28/2001 16:00,0
10/28/2001 17:00,0
10/28/2001 18:00,0
10/28/2001 19:00,0
10/28/2001 20:00,0
10/28/2001 21:00,0
10/28/2001 22:00,0
10/28/2001 23:00,0
10/29/2001 0:00,0
10/29/2001 1:00,0
10/29/2001 2:00,0
10/29/2001 3:00,0
10/29/2001 4:00,0
10/29/2001 5:00,0
10/29/2001 6:00,0
10/29/2001 7:00,0
10/29/2001 8:00,0
10/29/2001 9:00,0
10/29/2001 10:00,0
10/29/2001 11:00,0
10/29/2001 12:00,0
10/29/2001 13:00,0
10/29/2001 14:00,0.0532
10/29/2001 15:00,0.1064
10/29/2001 16:00,0.2127
10/29/2001 17:00,0.1064
10/29/2001 18:00,0.1064
10/29/2001 19:00,0.0532
10/29/2001 20:00,0.0532
10/29/2001 21:00,0
10/29/2001 22:00,0
10/29/2001 23:00,0
10/30/2001 0:00,0
10/30/2001 1:00,0
10/30/2001 2:00,0
10/30/2001 3:00,0.0486
10/30/2001 4:00,0.1459
10/30/2001 5:00,0.0973
10/30/2001 6:00,0.0973
10/30/2001 7:00,0.0486
10/30/2001 8:00,0.0486
10/30/2001 9:00,0
10/30/2001 10:00,0.0486
10/30/2001 11:00,0.0973
10/30/2001 12:00,0.1459
10/30/2001 13:00,0.1945
10/30/2001 14:00,0.2918
10/30/2001 15:00,0.2431
10/30/2001 16:00,0.4376
10/30/2001 17:00,0.2431
10/30/2001 18:00,0.2918
10/30/2001 19:00,0.1459
10/30/2001 20:00,0.0486
10/30/2001 21:00,0.1459
10/30/2001 22:00,0.1459
10/30/2001 23:00,0.0973
10/31/2001 0:00,0.0336
10/31/2001 1:00,0
10/31/2001 2:00,0
10/31/2001 3:00,0
10/31/2001 4:00,0
10/31/2001 5:00,0
10/31/2001 6:00,0
10/31/2001 7:00,0.0336
10/31/2001 8:00,0.2349
10/31/2001 9:00,0.1342
10/31/2001 10:00,0
10/31/2001 11:00,0
10/31/2001 12:00,0
10/31/2001 13:00,0
10/31/2001 14:00,0
10/31/2001 15:00,0
10/31/2001 16:00,0
10/31/2001 17:00,0
10/31/2001 18:00,0
10/31/2001 19:00,0
10/31/2001 20:00,0
10/31/2001 21:00,0
10/31/2001 22:00,0
10/31/2001 23:00,0
11/1/2001 0:00,0
11/1/2001 1:00,0
11/1/2001 2:00,0
11/1/2001 3:00,0
11/1/2001 4:00,0
11/1/2001 5:00,0
11/1/2001 6:00,0
11/1/2001 7:00,0
11/1/2001 8:00,0
11/1/2001 9:00,0
11/1/2001 10:00,0
11/1/2001 11:00,0
11/1/2001 12:00,0
11/1/2001 13:00,0
11/1/2001 14:00,0
11/1/2001 15:00,0
11/1/2001 16:00,0
11/1/2001 17:00,0
11/1/2001 18:00,0
11/1/2001 19:00,0
11/1/2001 20:00,0
11/1/2001 21:00,0
11/1/2001 22:00,0
11/1/2001 23:00,0
11/2/2001 0:00,0
11/2/2001 1:00,0
11/2/2001 2:00,0
11/2/2001 3:00,0
11/2/2001 4:00,0
11/2/2001 5:00,0
11/2/2001 6:00,0
11/2/2001 7:00,0
11/2/2001 8:00,0
11/2/2001 9:00,0
11/2/2001 10:00,0
11/2/2001 11:00,0
11/2/2001 12:00,0
11/2/2001 13:00,0
11/2/2001 14:00,0
11/2/2001 15:00,0
11/2/2001 16:00,0
11/2/2001 17:00,0
11/2/2001 18:00,0
11/2/2001 19:00,0
11/2/2001 20:00,0
11/2/2001 21:00,0
11/2/2001 22:00,0
11/2/2001 23:00,0
11/3/2001 0:00,0
11/3/2001 1:00,0
11/3/2001 2:00,0
11/3/2001 3:00,0
11/3/2001 4:00,0
11/3/2001 5:00,0
11/3/2001 6:00,0
11/3/2001 7:00,0
11/3/2001 8:00,0
11/3/2001 9:00,0
11/3/2001 10:00,0
11/3/2001 11:00,0
11/3/2001 12:00,0
11/3/2001 13:00,0
11/3/2001 14:00,0
11/3/2001 15:00,0
11/3/2001 16:00,0
11/3/2001 17:00,0
11/3/2001 18:00,0
11/3/2001 19:00,0
11/3/2001 20:00,0
11/3/2001 21:00,0
11/3/2001 22:00,0
11/3/2001 23:00,0
11/4/2001 0:00,0
11/4/2001 1:00,0
11/4/2001 2:00,0
11/4/2001 3:00,0
11/4/2001 4:00,0
11/4/2001 5:00,0
11/4/2001 6:00,0
11/4/2001 7:00,0
11/4/2001 8:00,0
11/4/2001 9:00,0
11/4/2001 10:00,0
11/4/2001 11:00,0
11/4/2001 12:00,0
11/4/2001 13:00,0
11/4/2001 14:00,0
11/4/2001 15:00,0
11/4/2001 16:00,0
11/4/2001 17:00,0
11/4/2001 18:00,0
11/4/2001 19:00,0
11/4/2001 20:00,0
11/4/2001 21:00,0
11/4/2001 22:00,0
11/4/2001 23:00,0
11/5/2001 0:00,0
11/5/2001 1:00,0
11/5/2001 2:00,0
11/5/2001 3:00,0
11/5/2001 4:00,0
11/5/2001 5:00,0.0387
11/5/2001 6:00,0.1546
11/5/2001 7:00,0
11/5/2001 8:00,0
11/5/2001 9:00,0
11/5/2001 10:00,0
11/5/2001 11:00,0
11/5/2001 12:00,0
11/5/2001 13:00,0
11/5/2001 14:00,0
11/5/2001 15:00,0
11/5/2001 16:00,0
11/5/2001 17:00,0
11/5/2001 18:00,0
11/5/2001 19:00,0
11/5/2001 20:00,0
11/5/2001 21:00,0
11/5/2001 22:00,0
11/5/2001 23:00,0
11/6/2001 0:00,0
11/6/2001 1:00,0
11/6/2001 2:00,0
11/6/2001 3:00,0
11/6/2001 4:00,0
11/6/2001 5:00,0
11/6/2001 6:00,0
11/6/2001 7:00,0
11/6/2001 8:00,0
11/6/2001 9:00,0
11/6/2001 10:00,0
11/6/2001 11:00,0
11/6/2001 12:00,0
11/6/2001 13:00,0
11/6/2001 14:00,0
11/6/2001 15:00,0
11/6/2001 16:00,0
11/6/2001 17:00,0
11/6/2001 18:00,0
11/6/2001 19:00,0
11/6/2001 20:00,0
11/6/2001 21:00,0
11/6/2001 22:00,0
11/6/2001 23:00,0
11/7/2001 0:00,0
11/7/2001 1:00,0
11/7/2001 2:00,0
11/7/2001 3:00,0
11/7/2001 4:00,0
11/7/2001 5:00,0
11/7/2001 6:00,0
11/7/2001 7:00,0
11/7/2001 8:00,0
11/7/2001 9:00,0
11/7/2001 10:00,0
11/7/2001 11:00,0
11/7/2001 12:00,0
11/7/2001 13:00,0
11/7/2001 14:00,0
11/7/2001 15:00,0
11/7/2001 16:00,0
11/7/2001 17:00,0
11/7/2001 18:00,0
11/7/2001 19:00,0
11/7/2001 20:00,0
11/7/2001 21:00,0
11/7/2001 22:00,0
11/7/2001 23:00,0
11/8/2001 0:00,0
11/8/2001 1:00,0
11/8/2001 2:00,0
11/8/2001 3:00,0
11/8/2001 4:00,0
11/8/2001 5:00,0
11/8/2001 6:00,0
11/8/2001 7:00,0
11/8/2001 8:00,0
11/8/2001 9:00,0
11/8/2001 10:00,0
11/8/2001 11:00,0
11/8/2001 12:00,0
11/8/2001 13:00,0
11/8/2001 14:00,0
11/8/2001 15:00,0
11/8/2001 16:00,0
11/8/2001 17:00,0
11/8/2001 18:00,0
11/8/2001 19:00,0
11/8/2001 20:00,0
11/8/2001 21:00,0
11/8/2001 22:00,0
11/8/2001 23:00,0
11/9/2001 0:00,0
11/9/2001 1:00,0
11/9/2001 2:00,0
11/9/2001 3:00,0
11/9/2001 4:00,0
11/9/2001 5:00,0
11/9/2001 6:00,0
11/9/2001 7:00,0
11/9/2001 8:00,0
11/9/2001 9:00,0
11/9/2001 10:00,0
11/9/2001 11:00,0
11/9/2001 12:00,0
11/9/2001 13:00,0
11/9/2001 14:00,0
11/9/2001 15:00,0
11/9/2001 16:00,0
11/9/2001 17:00,0
11/9/2001 18:00,0
11/9/2001 19:00,0
11/9/2001 20:00,0
11/9/2001 21:00,0
11/9/2001 22:00,0
11/9/2001 23:00,0
11/10/2001 0:00,0
11/10/2001 1:00,0
11/10/2001 2:00,0
11/10/2001 3:00,0
11/10/2001 4:00,0
11/10/2001 5:00,0
11/10/2001 6:00,0
11/10/2001 7:00,0
11/10/2001 8:00,0
11/10/2001 9:00,0
11/10/2001 10:00,0
11/10/2001 11:00,0
11/10/2001 12:00,0
11/10/2001 13:00,0
11/10/2001 14:00,0
11/10/2001 15:00,0
11/10/2001 16:00,0
11/10/2001 17:00,0
11/10/2001 18:00,0
11/10/2001 19:00,0
11/10/2001 20:00,0
11/10/2001 21:00,0
11/10/2001 22:00,0
11/10/2001 23:00,0
11/11/2001 0:00,0
11/11/2001 1:00,0
11/11/2001 2:00,0
11/11/2001 3:00,0
11/11/2001 4:00,0
11/11/2001 5:00,0
11/11/2001 6:00,0
11/11/2001 7:00,0
11/11/2001 8:00,0
11/11/2001 9:00,0
11/11/2001 10:00,0
11/11/2001 11:00,0
11/11/2001 12:00,0
11/11/2001 13:00,0
11/11/2001 14:00,0
11/11/2001 15:00,0
11/11/2001 16:00,0
11/11/2001 17:00,0
11/11/2001 18:00,0
11/11/2001 19:00,0
11/11/2001 20:00,0
11/11/2001 21:00,0
11/11/2001 22:00,0
11/11/2001 23:00,0
11/12/2001 0:00,0
11/12/2001 1:00,0
11/12/2001 2:00,0
11/12/2001 3:00,0
11/12/2001 4:00,0
11/12/2001 5:00,0
11/12/2001 6:00,0
11/12/2001 7:00,0
11/12/2001 8:00,0
11/12/2001 9:00,0
11/12/2001 10:00,0
11/12/2001 11:00,0
11/12/2001 12:00,0
11/12/2001 13:00,0
11/12/2001 14:00,0
11/12/2001 15:00,0
11/12/2001 16:00,0
11/12/2001 17:00,0
11/12/2001 18:00,0
11/12/2001 19:00,0
11/12/2001 20:00,0
11/12/2001 21:00,0
11/12/2001 22:00,0
11/12/2001 23:00,0
11/13/2001 0:00,0
11/13/2001 1:00,0
11/13/2001 2:00,0
11/13/2001 3:00,0
11/13/2001 4:00,0
11/13/2001 5:00,0
11/13/2001 6:00,0
11/13/2001 7:00,0
11/13/2001 8:00,0
11/13/2001 9:00,0
11/13/2001 10:00,0
11/13/2001 11:00,0
11/13/2001 12:00,0
11/13/2001 13:00,0
11/13/2001 14:00,0
11/13/2001 15:00,0
11/13/2001 16:00,0
11/13/2001 17:00,0
11/13/2001 18:00,0
11/13/2001 19:00,0
11/13/2001 20:00,0
11/13/2001 21:00,0.0636
11/13/2001 22:00,0.1272
11/13/2001 23:00,0.3817
11/14/2001 0:00,0.0741
11/14/2001 1:00,0.0371
11/14/2001 2:00,0
11/14/2001 3:00,0.0371
11/14/2001 4:00,0
11/14/2001 5:00,0.0741
11/14/2001 6:00,0.0741
11/14/2001 7:00,0.0741
11/14/2001 8:00,0
11/14/2001 9:00,0
11/14/2001 10:00,0
11/14/2001 11:00,0.0371
11/14/2001 12:00,0
11/14/2001 13:00,0
11/14/2001 14:00,0
11/14/2001 15:00,0
11/14/2001 16:00,0
11/14/2001 17:00,0
11/14/2001 18:00,0
11/14/2001 19:00,0
11/14/2001 20:00,0
11/14/2001 21:00,0
11/14/2001 22:00,0
11/14/2001 23:00,0
11/15/2001 0:00,0
11/15/2001 1:00,0
11/15/2001 2:00,0
11/15/2001 3:00,0
11/15/2001 4:00,0
11/15/2001 5:00,0
11/15/2001 6:00,0
11/15/2001 7:00,0
11/15/2001 8:00,0
11/15/2001 9:00,0
11/15/2001 10:00,0
11/15/2001 11:00,0
11/15/2001 12:00,0
11/15/2001 13:00,0
11/15/2001 14:00,0
11/15/2001 15:00,0
11/15/2001 16:00,0
11/15/2001 17:00,0.1763
11/15/2001 18:00,0.0882
11/15/2001 19:00,0.0882
11/15/2001 20:00,0
11/15/2001 21:00,0
11/15/2001 22:00,0
11/15/2001 23:00,0
11/16/2001 0:00,0
11/16/2001 1:00,0.0529
11/16/2001 2:00,0.0529
11/16/2001 3:00,0.1058
11/16/2001 4:00,0
11/16/2001 5:00,0
11/16/2001 6:00,0
11/16/2001 7:00,0
11/16/2001 8:00,0
11/16/2001 9:00,0
11/16/2001 10:00,0.0529
11/16/2001 11:00,0
11/16/2001 12:00,0
11/16/2001 13:00,0
11/16/2001 14:00,0.0529
11/16/2001 15:00,0.1058
11/16/2001 16:00,0.1058
11/16/2001 17:00,0.3703
11/16/2001 18:00,0.4233
11/16/2001 19:00,0.3703
11/16/2001 20:00,0.2645
11/16/2001 21:00,0.2116
11/16/2001 22:00,0
11/16/2001 23:00,0.1587
11/17/2001 0:00,0.2696
11/17/2001 1:00,0.2311
11/17/2001 2:00,0.4621
11/17/2001 3:00,0.1925
11/17/2001 4:00,0
11/17/2001 5:00,0.0385
11/17/2001 6:00,0
11/17/2001 7:00,0
11/17/2001 8:00,0
11/17/2001 9:00,0.1925
11/17/2001 10:00,0
11/17/2001 11:00,0
11/17/2001 12:00,0
11/17/2001 13:00,0
11/17/2001 14:00,0
11/17/2001 15:00,0
11/17/2001 16:00,0
11/17/2001 17:00,0
11/17/2001 18:00,0
11/17/2001 19:00,0
11/17/2001 20:00,0
11/17/2001 21:00,0
11/17/2001 22:00,0
11/17/2001 23:00,0
11/18/2001 0:00,0
11/18/2001 1:00,0
11/18/2001 2:00,0
11/18/2001 3:00,0
11/18/2001 4:00,0
11/18/2001 5:00,0
11/18/2001 6:00,0
11/18/2001 7:00,0
11/18/2001 8:00,0
11/18/2001 9:00,0
11/18/2001 10:00,0
11/18/2001 11:00,0
11/18/2001 12:00,0
11/18/2001 13:00,0
11/18/2001 14:00,0
11/18/2001 15:00,0
11/18/2001 16:00,0
11/18/2001 17:00,0
11/18/2001 18:00,0
11/18/2001 19:00,0
11/18/2001 20:00,0
11/18/2001 21:00,0
11/18/2001 22:00,0
11/18/2001 23:00,0
11/19/2001 0:00,0
11/19/2001 1:00,0
11/19/2001 2:00,0
11/19/2001 3:00,0
11/19/2001 4:00,0
11/19/2001 5:00,0
11/19/2001 6:00,0
11/19/2001 7:00,0
11/19/2001 8:00,0
11/19/2001 9:00,0
11/19/2001 10:00,0
11/19/2001 11:00,0
11/19/2001 12:00,0
11/19/2001 13:00,0
11/19/2001 14:00,0
11/19/2001 15:00,0
11/19/2001 16:00,0
11/19/2001 17:00,0
11/19/2001 18:00,0.1265
11/19/2001 19:00,0.0632
11/19/2001 20:00,0
11/19/2001 21:00,0
11/19/2001 22:00,0
11/19/2001 23:00,0
11/20/2001 0:00,0
11/20/2001 1:00,0
11/20/2001 2:00,0
11/20/2001 3:00,0
11/20/2001 4:00,0
11/20/2001 5:00,0
11/20/2001 6:00,0
11/20/2001 7:00,0
11/20/2001 8:00,0
11/20/2001 9:00,0
11/20/2001 10:00,0
11/20/2001 11:00,0
11/20/2001 12:00,0
11/20/2001 13:00,0
11/20/2001 14:00,0
11/20/2001 15:00,0
11/20/2001 16:00,0
11/20/2001 17:00,0
11/20/2001 18:00,0
11/20/2001 19:00,0
11/20/2001 20:00,0.1666
11/20/2001 21:00,0.1111
11/20/2001 22:00,0.1666
11/20/2001 23:00,0.2222
11/21/2001 0:00,0
11/21/2001 1:00,0
11/21/2001 2:00,0
11/21/2001 3:00,0
11/21/2001 4:00,0
11/21/2001 5:00,0
11/21/2001 6:00,0
11/21/2001 7:00,0
11/21/2001 8:00,0
11/21/2001 9:00,0
11/21/2001 10:00,0
11/21/2001 11:00,0
11/21/2001 12:00,0
11/21/2001 13:00,0
11/21/2001 14:00,0
11/21/2001 15:00,0
11/21/2001 16:00,0
11/21/2001 17:00,0
11/21/2001 18:00,0
11/21/2001 19:00,0
11/21/2001 20:00,0
11/21/2001 21:00,0.0677
11/21/2001 22:00,0.1353
11/21/2001 23:00,0.203
11/22/2001 0:00,0.1179
11/22/2001 1:00,0.1769
11/22/2001 2:00,0.1769
11/22/2001 3:00,0
11/22/2001 4:00,0
11/22/2001 5:00,0
11/22/2001 6:00,0
11/22/2001 7:00,0
11/22/2001 8:00,0
11/22/2001 9:00,0.2359
11/22/2001 10:00,0.1769
11/22/2001 11:00,0.1769
11/22/2001 12:00,0.059
11/22/2001 13:00,0.4128
11/22/2001 14:00,0.059
11/22/2001 15:00,0
11/22/2001 16:00,0
11/22/2001 17:00,0.059
11/22/2001 18:00,0.1179
11/22/2001 19:00,0.1179
11/22/2001 20:00,0.059
11/22/2001 21:00,0.1769
11/22/2001 22:00,0.059
11/22/2001 23:00,0
11/23/2001 0:00,0
11/23/2001 1:00,0
11/23/2001 2:00,0
11/23/2001 3:00,0
11/23/2001 4:00,0
11/23/2001 5:00,0
11/23/2001 6:00,0
11/23/2001 7:00,0
11/23/2001 8:00,0.0479
11/23/2001 9:00,0
11/23/2001 10:00,0
11/23/2001 11:00,0
11/23/2001 12:00,0
11/23/2001 13:00,0
11/23/2001 14:00,0
11/23/2001 15:00,0
11/23/2001 16:00,0
11/23/2001 17:00,0
11/23/2001 18:00,0
11/23/2001 19:00,0
11/23/2001 20:00,0
11/23/2001 21:00,0
11/23/2001 22:00,0
11/23/2001 23:00,0
11/24/2001 0:00,0
11/24/2001 1:00,0
11/24/2001 2:00,0
11/24/2001 3:00,0
11/24/2001 4:00,0
11/24/2001 5:00,0
11/24/2001 6:00,0
11/24/2001 7:00,0
11/24/2001 8:00,0
11/24/2001 9:00,0
11/24/2001 10:00,0
11/24/2001 11:00,0
11/24/2001 12:00,0
11/24/2001 13:00,0
11/24/2001 14:00,0
11/24/2001 15:00,0
11/24/2001 16:00,0
11/24/2001 17:00,0
11/24/2001 18:00,0
11/24/2001 19:00,0
11/24/2001 20:00,0
11/24/2001 21:00,0
11/24/2001 22:00,0
11/24/2001 23:00,0
11/25/2001 0:00,0
11/25/2001 1:00,0
11/25/2001 2:00,0
11/25/2001 3:00,0
11/25/2001 4:00,0
11/25/2001 5:00,0
11/25/2001 6:00,0.1462
11/25/2001 7:00,0.0974
11/25/2001 8:00,0.2436
11/25/2001 9:00,0.1949
11/25/2001 10:00,0.1949
11/25/2001 11:00,0.0974
11/25/2001 12:00,0.0974
11/25/2001 13:00,0.0487
11/25/2001 14:00,0.0487
11/25/2001 15:00,0
11/25/2001 16:00,0.0487
11/25/2001 17:00,0.0487
11/25/2001 18:00,0.0487
11/25/2001 19:00,0
11/25/2001 20:00,0
11/25/2001 21:00,0
11/25/2001 22:00,0
11/25/2001 23:00,0
11/26/2001 0:00,0
11/26/2001 1:00,0
11/26/2001 2:00,0
11/26/2001 3:00,0
11/26/2001 4:00,0
11/26/2001 5:00,0
11/26/2001 6:00,0
11/26/2001 7:00,0
11/26/2001 8:00,0
11/26/2001 9:00,0
11/26/2001 10:00,0
11/26/2001 11:00,0
11/26/2001 12:00,0
11/26/2001 13:00,0
11/26/2001 14:00,0
11/26/2001 15:00,0
11/26/2001 16:00,0
11/26/2001 17:00,0
11/26/2001 18:00,0
11/26/2001 19:00,0
11/26/2001 20:00,0
11/26/2001 21:00,0
11/26/2001 22:00,0
11/26/2001 23:00,0
11/27/2001 0:00,0
11/27/2001 1:00,0
11/27/2001 2:00,0
11/27/2001 3:00,0
11/27/2001 4:00,0
11/27/2001 5:00,0
11/27/2001 6:00,0
11/27/2001 7:00,0
11/27/2001 8:00,0
11/27/2001 9:00,0
11/27/2001 10:00,0
11/27/2001 11:00,0
11/27/2001 12:00,0
11/27/2001 13:00,0
11/27/2001 14:00,0
11/27/2001 15:00,0
11/27/2001 16:00,0
11/27/2001 17:00,0
11/27/2001 18:00,0
11/27/2001 19:00,0
11/27/2001 20:00,0
11/27/2001 21:00,0
11/27/2001 22:00,0
11/27/2001 23:00,0
11/28/2001 0:00,0
11/28/2001 1:00,0
11/28/2001 2:00,0
11/28/2001 3:00,0
11/28/2001 4:00,0
11/28/2001 5:00,0
11/28/2001 6:00,0
11/28/2001 7:00,0
11/28/2001 8:00,0
11/28/2001 9:00,0
11/28/2001 10:00,0.1481
11/28/2001 11:00,0.2469
11/28/2001 12:00,0.3457
11/28/2001 13:00,0.2469
11/28/2001 14:00,0.0988
11/28/2001 15:00,0.0988
11/28/2001 16:00,0.1481
11/28/2001 17:00,0.1481
11/28/2001 18:00,0.0988
11/28/2001 19:00,0.0494
11/28/2001 20:00,0
11/28/2001 21:00,0
11/28/2001 22:00,0.0494
11/28/2001 23:00,0
11/29/2001 0:00,0.0711
11/29/2001 1:00,0.0711
11/29/2001 2:00,0
11/29/2001 3:00,0
11/29/2001 4:00,0.0355
11/29/2001 5:00,0
11/29/2001 6:00,0
11/29/2001 7:00,0
11/29/2001 8:00,0.0355
11/29/2001 9:00,0.0711
11/29/2001 10:00,0.1422
11/29/2001 11:00,0.1066
11/29/2001 12:00,0.1066
11/29/2001 13:00,0.1066
11/29/2001 14:00,0
11/29/2001 15:00,0
11/29/2001 16:00,0
11/29/2001 17:00,0
11/29/2001 18:00,0
11/29/2001 19:00,0
11/29/2001 20:00,0
11/29/2001 21:00,0
11/29/2001 22:00,0
11/29/2001 23:00,0
11/30/2001 0:00,0
11/30/2001 1:00,0
11/30/2001 2:00,0
11/30/2001 3:00,0
11/30/2001 4:00,0
11/30/2001 5:00,0
11/30/2001 6:00,0
11/30/2001 7:00,0
11/30/2001 8:00,0
11/30/2001 9:00,0
11/30/2001 10:00,0
11/30/2001 11:00,0.1468
11/30/2001 12:00,0.1468
11/30/2001 13:00,0.0734
11/30/2001 14:00,0.0734
11/30/2001 15:00,0
11/30/2001 16:00,0
11/30/2001 17:00,0
11/30/2001 18:00,0.0734
11/30/2001 19:00,0.1468
11/30/2001 20:00,0
11/30/2001 21:00,0.0734
11/30/2001 22:00,0
11/30/2001 23:00,0
12/1/2001 0:00,0
12/1/2001 1:00,0
12/1/2001 2:00,0.0992
12/1/2001 3:00,0.0992
12/1/2001 4:00,0.0992
12/1/2001 5:00,0.1985
12/1/2001 6:00,0.0992
12/1/2001 7:00,0.1985
12/1/2001 8:00,0.1985
12/1/2001 9:00,0.0992
12/1/2001 10:00,0.0992
12/1/2001 11:00,0
12/1/2001 12:00,0
12/1/2001 13:00,0
12/1/2001 14:00,0
12/1/2001 15:00,0.0992
12/1/2001 16:00,0
12/1/2001 17:00,0
12/1/2001 18:00,0
12/1/2001 19:00,0
12/1/2001 20:00,0
12/1/2001 21:00,0
12/1/2001 22:00,0
12/1/2001 23:00,0
12/2/2001 0:00,0
12/2/2001 1:00,0
12/2/2001 2:00,0
12/2/2001 3:00,0
12/2/2001 4:00,0
12/2/2001 5:00,0
12/2/2001 6:00,0
12/2/2001 7:00,0
12/2/2001 8:00,0
12/2/2001 9:00,0
12/2/2001 10:00,0
12/2/2001 11:00,0
12/2/2001 12:00,0
12/2/2001 13:00,0
12/2/2001 14:00,0
12/2/2001 15:00,0
12/2/2001 16:00,0.0462
12/2/2001 17:00,0.5084
12/2/2001 18:00,0.0462
12/2/2001 19:00,0.0462
12/2/2001 20:00,0
12/2/2001 21:00,0
12/2/2001 22:00,0
12/2/2001 23:00,0
12/3/2001 0:00,0.0016
12/3/2001 1:00,0.0016
12/3/2001 2:00,0.0017
12/3/2001 3:00,0.0017
12/3/2001 4:00,0.0019
12/3/2001 5:00,0.0023
12/3/2001 6:00,0.0023
12/3/2001 7:00,0.0029
12/3/2001 8:00,0.0029
12/3/2001 9:00,0.0039
12/3/2001 10:00,0.0049
12/3/2001 11:00,0.0079
12/3/2001 12:00,0.0613
12/3/2001 13:00,0.0162
12/3/2001 14:00,0.007
12/3/2001 15:00,0.0045
12/3/2001 16:00,0.0036
12/3/2001 17:00,0.0032
12/3/2001 18:00,0.0027
12/3/2001 19:00,0.0023
12/3/2001 20:00,0.0022
12/3/2001 21:00,0.0017
12/3/2001 22:00,0.0017
12/3/2001 23:00,0.0017
12/4/2001 0:00,0
12/4/2001 1:00,0
12/4/2001 2:00,0
12/4/2001 3:00,0.0907
12/4/2001 4:00,0.0907
12/4/2001 5:00,0.0907
12/4/2001 6:00,0.0907
12/4/2001 7:00,0.0907
12/4/2001 8:00,0.0907
12/4/2001 9:00,0
12/4/2001 10:00,0
12/4/2001 11:00,0
12/4/2001 12:00,0
12/4/2001 13:00,0
12/4/2001 14:00,0
12/4/2001 15:00,0
12/4/2001 16:00,0
12/4/2001 17:00,0
12/4/2001 18:00,0
12/4/2001 19:00,0
12/4/2001 20:00,0
12/4/2001 21:00,0
12/4/2001 22:00,0
12/4/2001 23:00,0
12/5/2001 0:00,0
12/5/2001 1:00,0
12/5/2001 2:00,0
12/5/2001 3:00,0.0465
12/5/2001 4:00,0
12/5/2001 5:00,0.0465
12/5/2001 6:00,0.093
12/5/2001 7:00,0.1395
12/5/2001 8:00,0.0465
12/5/2001 9:00,0.093
12/5/2001 10:00,0.1395
12/5/2001 11:00,0.1395
12/5/2001 12:00,0.0465
12/5/2001 13:00,0
12/5/2001 14:00,0
12/5/2001 15:00,0
12/5/2001 16:00,0
12/5/2001 17:00,0
12/5/2001 18:00,0
12/5/2001 19:00,0
12/5/2001 20:00,0
12/5/2001 21:00,0
12/5/2001 22:00,0
12/5/2001 23:00,0
12/6/2001 0:00,0
12/6/2001 1:00,0
12/6/2001 2:00,0.1666
12/6/2001 3:00,0.1666
12/6/2001 4:00,0.1666
12/6/2001 5:00,0
12/6/2001 6:00,0
12/6/2001 7:00,0
12/6/2001 8:00,0
12/6/2001 9:00,0
12/6/2001 10:00,0
12/6/2001 11:00,0
12/6/2001 12:00,0
12/6/2001 13:00,0
12/6/2001 14:00,0
12/6/2001 15:00,0
12/6/2001 16:00,0
12/6/2001 17:00,0
12/6/2001 18:00,0
12/6/2001 19:00,0
12/6/2001 20:00,0
12/6/2001 21:00,0
12/6/2001 22:00,0
12/6/2001 23:00,0
12/7/2001 0:00,0
12/7/2001 1:00,0
12/7/2001 2:00,0
12/7/2001 3:00,0
12/7/2001 4:00,0
12/7/2001 5:00,0
12/7/2001 6:00,0
12/7/2001 7:00,0
12/7/2001 8:00,0
12/7/2001 9:00,0
12/7/2001 10:00,0
12/7/2001 11:00,0
12/7/2001 12:00,0
12/7/2001 13:00,0
12/7/2001 14:00,0
12/7/2001 15:00,0
12/7/2001 16:00,0
12/7/2001 17:00,0
12/7/2001 18:00,0
12/7/2001 19:00,0
12/7/2001 20:00,0
12/7/2001 21:00,0
12/7/2001 22:00,0
12/7/2001 23:00,0
12/8/2001 0:00,0
12/8/2001 1:00,0
12/8/2001 2:00,0
12/8/2001 3:00,0
12/8/2001 4:00,0
12/8/2001 5:00,0
12/8/2001 6:00,0
12/8/2001 7:00,0
12/8/2001 8:00,0
12/8/2001 9:00,0
12/8/2001 10:00,0
12/8/2001 11:00,0
12/8/2001 12:00,0
12/8/2001 13:00,0
12/8/2001 14:00,0
12/8/2001 15:00,0
12/8/2001 16:00,0
12/8/2001 17:00,0
12/8/2001 18:00,0
12/8/2001 19:00,0
12/8/2001 20:00,0
12/8/2001 21:00,0
12/8/2001 22:00,0
12/8/2001 23:00,0
12/9/2001 0:00,0
12/9/2001 1:00,0
12/9/2001 2:00,0
12/9/2001 3:00,0
12/9/2001 4:00,0
12/9/2001 5:00,0
12/9/2001 6:00,0
12/9/2001 7:00,0
12/9/2001 8:00,0
12/9/2001 9:00,0
12/9/2001 10:00,0
12/9/2001 11:00,0
12/9/2001 12:00,0
12/9/2001 13:00,0
12/9/2001 14:00,0
12/9/2001 15:00,0
12/9/2001 16:00,0
12/9/2001 17:00,0
12/9/2001 18:00,0
12/9/2001 19:00,0
12/9/2001 20:00,0
12/9/2001 21:00,0
12/9/2001 22:00,0
12/9/2001 23:00,0
12/10/2001 0:00,0.0008
12/10/2001 1:00,0.0008
12/10/2001 2:00,0.0008
12/10/2001 3:00,0.0008
12/10/2001 4:00,0.0009
12/10/2001 5:00,0.0011
12/10/2001 6:00,0.0011
12/10/2001 7:00,0.0014
12/10/2001 8:00,0.0014
12/10/2001 9:00,0.0019
12/10/2001 10:00,0.0023
12/10/2001 11:00,0.0038
12/10/2001 12:00,0.0295
12/10/2001 13:00,0.0078
12/10/2001 14:00,0.0034
12/10/2001 15:00,0.0021
12/10/2001 16:00,0.0017
12/10/2001 17:00,0.0015
12/10/2001 18:00,0.0013
12/10/2001 19:00,0.0011
12/10/2001 20:00,0.001
12/10/2001 21:00,0.0008
12/10/2001 22:00,0.0008
12/10/2001 23:00,0.0008
12/11/2001 0:00,0
12/11/2001 1:00,0
12/11/2001 2:00,0
12/11/2001 3:00,0
12/11/2001 4:00,0
12/11/2001 5:00,0.0368
12/11/2001 6:00,0.0368
12/11/2001 7:00,0.0368
12/11/2001 8:00,0.0368
12/11/2001 9:00,0
12/11/2001 10:00,0
12/11/2001 11:00,0
12/11/2001 12:00,0
12/11/2001 13:00,0
12/11/2001 14:00,0
12/11/2001 15:00,0
12/11/2001 16:00,0
12/11/2001 17:00,0
12/11/2001 18:00,0
12/11/2001 19:00,0
12/11/2001 20:00,0
12/11/2001 21:00,0
12/11/2001 22:00,0
12/11/2001 23:00,0
12/12/2001 0:00,0
12/12/2001 1:00,0
12/12/2001 2:00,0
12/12/2001 3:00,0
12/12/2001 4:00,0
12/12/2001 5:00,0
12/12/2001 6:00,0
12/12/2001 7:00,0
12/12/2001 8:00,0
12/12/2001 9:00,0
12/12/2001 10:00,0
12/12/2001 11:00,0
12/12/2001 12:00,0
12/12/2001 13:00,0
12/12/2001 14:00,0
12/12/2001 15:00,0
12/12/2001 16:00,0.0796
12/12/2001 17:00,0.0796
12/12/2001 18:00,0.1592
12/12/2001 19:00,0.1592
12/12/2001 20:00,0.0796
12/12/2001 21:00,0.1592
12/12/2001 22:00,0.1592
12/12/2001 23:00,0
12/13/2001 0:00,0
12/13/2001 1:00,0.0514
12/13/2001 2:00,0
12/13/2001 3:00,0
12/13/2001 4:00,0
12/13/2001 5:00,0
12/13/2001 6:00,0
12/13/2001 7:00,0
12/13/2001 8:00,0
12/13/2001 9:00,0.0514
12/13/2001 10:00,0.0514
12/13/2001 11:00,0.0514
12/13/2001 12:00,0
12/13/2001 13:00,0
12/13/2001 14:00,0.2571
12/13/2001 15:00,0.5655
12/13/2001 16:00,0.4627
12/13/2001 17:00,0.5655
12/13/2001 18:00,0.5655
12/13/2001 19:00,0.4113
12/13/2001 20:00,0.0514
12/13/2001 21:00,0.0514
12/13/2001 22:00,0
12/13/2001 23:00,0
12/14/2001 0:00,0
12/14/2001 1:00,0
12/14/2001 2:00,0
12/14/2001 3:00,0
12/14/2001 4:00,0
12/14/2001 5:00,0
12/14/2001 6:00,0
12/14/2001 7:00,0
12/14/2001 8:00,0
12/14/2001 9:00,0
12/14/2001 10:00,0
12/14/2001 11:00,0
12/14/2001 12:00,0
12/14/2001 13:00,0
12/14/2001 14:00,0
12/14/2001 15:00,0
12/14/2001 16:00,0
12/14/2001 17:00,0
12/14/2001 18:00,0
12/14/2001 19:00,0
12/14/2001 20:00,0
12/14/2001 21:00,0
12/14/2001 22:00,0
12/14/2001 23:00,0
12/15/2001 0:00,0
12/15/2001 1:00,0
12/15/2001 2:00,0
12/15/2001 3:00,0
12/15/2001 4:00,0
12/15/2001 5:00,0
12/15/2001 6:00,0
12/15/2001 7:00,0
12/15/2001 8:00,0
12/15/2001 9:00,0
12/15/2001 10:00,0
12/15/2001 11:00,0
12/15/2001 12:00,0
12/15/2001 13:00,0
12/15/2001 14:00,0
12/15/2001 15:00,0
12/15/2001 16:00,0
12/15/2001 17:00,0
12/15/2001 18:00,0
12/15/2001 19:00,0
12/15/2001 20:00,0
12/15/2001 21:00,0
12/15/2001 22:00,0
12/15/2001 23:00,0.0709
12/16/2001 0:00,0
12/16/2001 1:00,0.0447
12/16/2001 2:00,0
12/16/2001 3:00,0
12/16/2001 4:00,0
12/16/2001 5:00,0
12/16/2001 6:00,0
12/16/2001 7:00,0
12/16/2001 8:00,0
12/16/2001 9:00,0
12/16/2001 10:00,0
12/16/2001 11:00,0
12/16/2001 12:00,0.0447
12/16/2001 13:00,0.2237
12/16/2001 14:00,0.2237
12/16/2001 15:00,0.179
12/16/2001 16:00,0.0447
12/16/2001 17:00,0
12/16/2001 18:00,0.0447
12/16/2001 19:00,0
12/16/2001 20:00,0.0447
12/16/2001 21:00,0.0895
12/16/2001 22:00,0
12/16/2001 23:00,0
12/17/2001 0:00,0.0709
12/17/2001 1:00,0.0355
12/17/2001 2:00,0.0355
12/17/2001 3:00,0
12/17/2001 4:00,0
12/17/2001 5:00,0
12/17/2001 6:00,0
12/17/2001 7:00,0
12/17/2001 8:00,0
12/17/2001 9:00,0
12/17/2001 10:00,0
12/17/2001 11:00,0
12/17/2001 12:00,0
12/17/2001 13:00,0
12/17/2001 14:00,0
12/17/2001 15:00,0
12/17/2001 16:00,0
12/17/2001 17:00,0
12/17/2001 18:00,0
12/17/2001 19:00,0
12/17/2001 20:00,0
12/17/2001 21:00,0
12/17/2001 22:00,0
12/17/2001 23:00,0
12/18/2001 0:00,0
12/18/2001 1:00,0
12/18/2001 2:00,0
12/18/2001 3:00,0
12/18/2001 4:00,0
12/18/2001 5:00,0
12/18/2001 6:00,0
12/18/2001 7:00,0
12/18/2001 8:00,0
12/18/2001 9:00,0
12/18/2001 10:00,0
12/18/2001 11:00,0
12/18/2001 12:00,0
12/18/2001 13:00,0
12/18/2001 14:00,0
12/18/2001 15:00,0.0619
12/18/2001 16:00,0.3094
12/18/2001 17:00,0.0619
12/18/2001 18:00,0
12/18/2001 19:00,0.1856
12/18/2001 20:00,0
12/18/2001 21:00,0
12/18/2001 22:00,0
12/18/2001 23:00,0
12/19/2001 0:00,0
12/19/2001 1:00,0
12/19/2001 2:00,0
12/19/2001 3:00,0
12/19/2001 4:00,0
12/19/2001 5:00,0
12/19/2001 6:00,0
12/19/2001 7:00,0
12/19/2001 8:00,0
12/19/2001 9:00,0
12/19/2001 10:00,0
12/19/2001 11:00,0
12/19/2001 12:00,0
12/19/2001 13:00,0
12/19/2001 14:00,0
12/19/2001 15:00,0
12/19/2001 16:00,0
12/19/2001 17:00,0
12/19/2001 18:00,0
12/19/2001 19:00,0
12/19/2001 20:00,0
12/19/2001 21:00,0
12/19/2001 22:00,0
12/19/2001 23:00,0
12/20/2001 0:00,0
12/20/2001 1:00,0
12/20/2001 2:00,0
12/20/2001 3:00,0
12/20/2001 4:00,0
12/20/2001 5:00,0
12/20/2001 6:00,0
12/20/2001 7:00,0
12/20/2001 8:00,0
12/20/2001 9:00,0
12/20/2001 10:00,0
12/20/2001 11:00,0
12/20/2001 12:00,0
12/20/2001 13:00,0
12/20/2001 14:00,0
12/20/2001 15:00,0
12/20/2001 16:00,0
12/20/2001 17:00,0
12/20/2001 18:00,0
12/20/2001 19:00,0
12/20/2001 20:00,0
12/20/2001 21:00,0
12/20/2001 22:00,0
12/20/2001 23:00,0
12/21/2001 0:00,0.0003
12/21/2001 1:00,0.0003
12/21/2001 2:00,0.0003
12/21/2001 3:00,0.0003
12/21/2001 4:00,0.0003
12/21/2001 5:00,0.0004
12/21/2001 6:00,0.0004
12/21/2001 7:00,0.0005
12/21/2001 8:00,0.0005
12/21/2001 9:00,0.0006
12/21/2001 10:00,0.0008
12/21/2001 11:00,0.0013
12/21/2001 12:00,0.0098
12/21/2001 13:00,0.0026
12/21/2001 14:00,0.0011
12/21/2001 15:00,0.0007
12/21/2001 16:00,0.0006
12/21/2001 17:00,0.0005
12/21/2001 18:00,0.0004
12/21/2001 19:00,0.0004
12/21/2001 20:00,0.0003
12/21/2001 21:00,0.0003
12/21/2001 22:00,0.0003
12/21/2001 23:00,0.0003
12/22/2001 0:00,0
12/22/2001 1:00,0
12/22/2001 2:00,0
12/22/2001 3:00,0
12/22/2001 4:00,0
12/22/2001 5:00,0
12/22/2001 6:00,0
12/22/2001 7:00,0
12/22/2001 8:00,0
12/22/2001 9:00,0
12/22/2001 10:00,0
12/22/2001 11:00,0
12/22/2001 12:00,0
12/22/2001 13:00,0
12/22/2001 14:00,0
12/22/2001 15:00,0
12/22/2001 16:00,0
12/22/2001 17:00,0
12/22/2001 18:00,0
12/22/2001 19:00,0
12/22/2001 20:00,0
12/22/2001 21:00,0
12/22/2001 22:00,0
12/22/2001 23:00,0
12/23/2001 0:00,0
12/23/2001 1:00,0
12/23/2001 2:00,0
12/23/2001 3:00,0
12/23/2001 4:00,0
12/23/2001 5:00,0
12/23/2001 6:00,0
12/23/2001 7:00,0
12/23/2001 8:00,0
12/23/2001 9:00,0
12/23/2001 10:00,0
12/23/2001 11:00,0
12/23/2001 12:00,0
12/23/2001 13:00,0
12/23/2001 14:00,0
12/23/2001 15:00,0
12/23/2001 16:00,0
12/23/2001 17:00,0
12/23/2001 18:00,0
12/23/2001 19:00,0
12/23/2001 20:00,0
12/23/2001 21:00,0
12/23/2001 22:00,0
12/23/2001 23:00,0
12/24/2001 0:00,0
12/24/2001 1:00,0
12/24/2001 2:00,0
12/24/2001 3:00,0
12/24/2001 4:00,0
12/24/2001 5:00,0
12/24/2001 6:00,0
12/24/2001 7:00,0
12/24/2001 8:00,0
12/24/2001 9:00,0
12/24/2001 10:00,0
12/24/2001 11:00,0
12/24/2001 12:00,0
12/24/2001 13:00,0
12/24/2001 14:00,0
12/24/2001 15:00,0
12/24/2001 16:00,0
12/24/2001 17:00,0
12/24/2001 18:00,0
12/24/2001 19:00,0
12/24/2001 20:00,0
12/24/2001 21:00,0
12/24/2001 22:00,0
12/24/2001 23:00,0
12/25/2001 0:00,0
12/25/2001 1:00,0
12/25/2001 2:00,0
12/25/2001 3:00,0
12/25/2001 4:00,0
12/25/2001 5:00,0
12/25/2001 6:00,0
12/25/2001 7:00,0
12/25/2001 8:00,0
12/25/2001 9:00,0
12/25/2001 10:00,0
12/25/2001 11:00,0
12/25/2001 12:00,0
12/25/2001 13:00,0
12/25/2001 14:00,0
12/25/2001 15:00,0
12/25/2001 16:00,0
12/25/2001 17:00,0
12/25/2001 18:00,0
12/25/2001 19:00,0
12/25/2001 20:00,0
12/25/2001 21:00,0
12/25/2001 22:00,0
12/25/2001 23:00,0
12/26/2001 0:00,0
12/26/2001 1:00,0
12/26/2001 2:00,0
12/26/2001 3:00,0
12/26/2001 4:00,0
12/26/2001 5:00,0
12/26/2001 6:00,0
12/26/2001 7:00,0
12/26/2001 8:00,0
12/26/2001 9:00,0
12/26/2001 10:00,0
12/26/2001 11:00,0
12/26/2001 12:00,0
12/26/2001 13:00,0
12/26/2001 14:00,0
12/26/2001 15:00,0
12/26/2001 16:00,0
12/26/2001 17:00,0
12/26/2001 18:00,0
12/26/2001 19:00,0
12/26/2001 20:00,0
12/26/2001 21:00,0
12/26/2001 22:00,0
12/26/2001 23:00,0
12/27/2001 0:00,0
12/27/2001 1:00,0
12/27/2001 2:00,0
12/27/2001 3:00,0
12/27/2001 4:00,0
12/27/2001 5:00,0
12/27/2001 6:00,0
12/27/2001 7:00,0
12/27/2001 8:00,0
12/27/2001 9:00,0
12/27/2001 10:00,0
12/27/2001 11:00,0
12/27/2001 12:00,0
12/27/2001 13:00,0
12/27/2001 14:00,0
12/27/2001 15:00,0
12/27/2001 16:00,0
12/27/2001 17:00,0
12/27/2001 18:00,0
12/27/2001 19:00,0
12/27/2001 20:00,0
12/27/2001 21:00,0
12/27/2001 22:00,0
12/27/2001 23:00,0
12/28/2001 0:00,0
12/28/2001 1:00,0
12/28/2001 2:00,0
12/28/2001 3:00,0.2393
12/28/2001 4:00,0.1436
12/28/2001 5:00,0.1436
12/28/2001 6:00,0.0957
12/28/2001 7:00,0.0479
12/28/2001 8:00,0.0957
12/28/2001 9:00,0
12/28/2001 10:00,0.0957
12/28/2001 11:00,0
12/28/2001 12:00,0
12/28/2001 13:00,0
12/28/2001 14:00,0
12/28/2001 15:00,0
12/28/2001 16:00,0
12/28/2001 17:00,0
12/28/2001 18:00,0
12/28/2001 19:00,0
12/28/2001 20:00,0
12/28/2001 21:00,0
12/28/2001 22:00,0
12/28/2001 23:00,0
12/29/2001 0:00,0
12/29/2001 1:00,0
12/29/2001 2:00,0
12/29/2001 3:00,0
12/29/2001 4:00,0
12/29/2001 5:00,0
12/29/2001 6:00,0
12/29/2001 7:00,0
12/29/2001 8:00,0
12/29/2001 9:00,0
12/29/2001 10:00,0
12/29/2001 11:00,0
12/29/2001 12:00,0
12/29/2001 13:00,0
12/29/2001 14:00,0
12/29/2001 15:00,0
12/29/2001 16:00,0
12/29/2001 17:00,0
12/29/2001 18:00,0
12/29/2001 19:00,0
12/29/2001 20:00,0
12/29/2001 21:00,0
12/29/2001 22:00,0
12/29/2001 23:00,0
12/30/2001 0:00,0
12/30/2001 1:00,0
12/30/2001 2:00,0
12/30/2001 3:00,0
12/30/2001 4:00,0
12/30/2001 5:00,0
12/30/2001 6:00,0
12/30/2001 7:00,0
12/30/2001 8:00,0
12/30/2001 9:00,0
12/30/2001 10:00,0
12/30/2001 11:00,0
12/30/2001 12:00,0
12/30/2001 13:00,0
12/30/2001 14:00,0
12/30/2001 15:00,0
12/30/2001 16:00,0
12/30/2001 17:00,0
12/30/2001 18:00,0
12/30/2001 19:00,0
12/30/2001 20:00,0
12/30/2001 21:00,0
12/30/2001 22:00,0
12/30/2001 23:00,0
12/31/2001 0:00,0
12/31/2001 1:00,0
12/31/2001 2:00,0
12/31/2001 3:00,0
12/31/2001 4:00,0
12/31/2001 5:00,0
12/31/2001 6:00,0
12/31/2001 7:00,0
12/31/2001 8:00,0
12/31/2001 9:00,0
12/31/2001 10:00,0
12/31/2001 11:00,0
12/31/2001 12:00,0
12/31/2001 13:00,0
12/31/2001 14:00,0
12/31/2001 15:00,0
12/31/2001 16:00,0
12/31/2001 17:00,0
12/31/2001 18:00,0
12/31/2001 19:00,0
12/31/2001 20:00,0
12/31/2001 21:00,0
12/31/2001 22:00,0
12/31/2001 23:00,0
1/1/2002 0:00,0
1/1/2002 1:00,0
1/1/2002 2:00,0
1/1/2002 3:00,0
1/1/2002 4:00,0
1/1/2002 5:00,0
1/1/2002 6:00,0
1/1/2002 7:00,0
1/1/2002 8:00,0
1/1/2002 9:00,0
1/1/2002 10:00,0
1/1/2002 11:00,0
1/1/2002 12:00,0
1/1/2002 13:00,0
1/1/2002 14:00,0
1/1/2002 15:00,0
1/1/2002 16:00,0
1/1/2002 17:00,0
1/1/2002 18:00,0
1/1/2002 19:00,0
1/1/2002 20:00,0
1/1/2002 21:00,0
1/1/2002 22:00,0
1/1/2002 23:00,0
1/2/2002 0:00,0
1/2/2002 1:00,0
1/2/2002 2:00,0
1/2/2002 3:00,0
1/2/2002 4:00,0
1/2/2002 5:00,0
1/2/2002 6:00,0
1/2/2002 7:00,0
1/2/2002 8:00,0
1/2/2002 9:00,0
1/2/2002 10:00,0.0661
1/2/2002 11:00,0
1/2/2002 12:00,0
1/2/2002 13:00,0.0331
1/2/2002 14:00,0.0331
1/2/2002 15:00,0.2315
1/2/2002 16:00,0.0992
1/2/2002 17:00,0
1/2/2002 18:00,0.0992
1/2/2002 19:00,0
1/2/2002 20:00,0
1/2/2002 21:00,0
1/2/2002 22:00,0
1/2/2002 23:00,0
1/3/2002 0:00,0
1/3/2002 1:00,0
1/3/2002 2:00,0
1/3/2002 3:00,0
1/3/2002 4:00,0
1/3/2002 5:00,0
1/3/2002 6:00,0
1/3/2002 7:00,0
1/3/2002 8:00,0
1/3/2002 9:00,0
1/3/2002 10:00,0
1/3/2002 11:00,0
1/3/2002 12:00,0
1/3/2002 13:00,0
1/3/2002 14:00,0
1/3/2002 15:00,0
1/3/2002 16:00,0
1/3/2002 17:00,0
1/3/2002 18:00,0
1/3/2002 19:00,0
1/3/2002 20:00,0
1/3/2002 21:00,0
1/3/2002 22:00,0
1/3/2002 23:00,0
1/4/2002 0:00,0
1/4/2002 1:00,0
1/4/2002 2:00,0
1/4/2002 3:00,0
1/4/2002 4:00,0
1/4/2002 5:00,0
1/4/2002 6:00,0
1/4/2002 7:00,0
1/4/2002 8:00,0
1/4/2002 9:00,0
1/4/2002 10:00,0
1/4/2002 11:00,0
1/4/2002 12:00,0
1/4/2002 13:00,0
1/4/2002 14:00,0
1/4/2002 15:00,0
1/4/2002 16:00,0
1/4/2002 17:00,0
1/4/2002 18:00,0
1/4/2002 19:00,0
1/4/2002 20:00,0
1/4/2002 21:00,0
1/4/2002 22:00,0
1/4/2002 23:00,0
1/5/2002 0:00,0
1/5/2002 1:00,0
1/5/2002 2:00,0
1/5/2002 3:00,0
1/5/2002 4:00,0
1/5/2002 5:00,0
1/5/2002 6:00,0
1/5/2002 7:00,0
1/5/2002 8:00,0
1/5/2002 9:00,0
1/5/2002 10:00,0
1/5/2002 11:00,0
1/5/2002 12:00,0
1/5/2002 13:00,0
1/5/2002 14:00,0
1/5/2002 15:00,0
1/5/2002 16:00,0
1/5/2002 17:00,0
1/5/2002 18:00,0
1/5/2002 19:00,0
1/5/2002 20:00,0
1/5/2002 21:00,0
1/5/2002 22:00,0
1/5/2002 23:00,0
1/6/2002 0:00,0
1/6/2002 1:00,0
1/6/2002 2:00,0
1/6/2002 3:00,0.0622
1/6/2002 4:00,0
1/6/2002 5:00,0
1/6/2002 6:00,0
1/6/2002 7:00,0
1/6/2002 8:00,0
1/6/2002 9:00,0
1/6/2002 10:00,0
1/6/2002 11:00,0
1/6/2002 12:00,0
1/6/2002 13:00,0.0622
1/6/2002 14:00,0.0622
1/6/2002 15:00,0.1244
1/6/2002 16:00,0.1866
1/6/2002 17:00,0.311
1/6/2002 18:00,0.1244
1/6/2002 19:00,0.1244
1/6/2002 20:00,0.1244
1/6/2002 21:00,0.1244
1/6/2002 22:00,0
1/6/2002 23:00,0
1/7/2002 0:00,0.0498
1/7/2002 1:00,0
1/7/2002 2:00,0
1/7/2002 3:00,0.0498
1/7/2002 4:00,0.0498
1/7/2002 5:00,0.0996
1/7/2002 6:00,0.1991
1/7/2002 7:00,0
1/7/2002 8:00,0
1/7/2002 9:00,0
1/7/2002 10:00,0
1/7/2002 11:00,0.0498
1/7/2002 12:00,0.1493
1/7/2002 13:00,0.1493
1/7/2002 14:00,0.0498
1/7/2002 15:00,0
1/7/2002 16:00,0.1493
1/7/2002 17:00,0.0996
1/7/2002 18:00,0
1/7/2002 19:00,0.0498
1/7/2002 20:00,0
1/7/2002 21:00,0.0996
1/7/2002 22:00,0.0498
1/7/2002 23:00,0
1/8/2002 0:00,0.0603
1/8/2002 1:00,0
1/8/2002 2:00,0.0201
1/8/2002 3:00,0.0402
1/8/2002 4:00,0
1/8/2002 5:00,0
1/8/2002 6:00,0
1/8/2002 7:00,0
1/8/2002 8:00,0
1/8/2002 9:00,0
1/8/2002 10:00,0
1/8/2002 11:00,0
1/8/2002 12:00,0
1/8/2002 13:00,0
1/8/2002 14:00,0
1/8/2002 15:00,0
1/8/2002 16:00,0
1/8/2002 17:00,0
1/8/2002 18:00,0
1/8/2002 19:00,0
1/8/2002 20:00,0
1/8/2002 21:00,0
1/8/2002 22:00,0
1/8/2002 23:00,0
1/9/2002 0:00,0
1/9/2002 1:00,0
1/9/2002 2:00,0
1/9/2002 3:00,0
1/9/2002 4:00,0
1/9/2002 5:00,0
1/9/2002 6:00,0
1/9/2002 7:00,0
1/9/2002 8:00,0
1/9/2002 9:00,0
1/9/2002 10:00,0
1/9/2002 11:00,0
1/9/2002 12:00,0
1/9/2002 13:00,0
1/9/2002 14:00,0
1/9/2002 15:00,0
1/9/2002 16:00,0
1/9/2002 17:00,0
1/9/2002 18:00,0
1/9/2002 19:00,0
1/9/2002 20:00,0
1/9/2002 21:00,0
1/9/2002 22:00,0
1/9/2002 23:00,0
1/10/2002 0:00,0
1/10/2002 1:00,0
1/10/2002 2:00,0
1/10/2002 3:00,0
1/10/2002 4:00,0
1/10/2002 5:00,0
1/10/2002 6:00,0
1/10/2002 7:00,0
1/10/2002 8:00,0
1/10/2002 9:00,0
1/10/2002 10:00,0
1/10/2002 11:00,0
1/10/2002 12:00,0
1/10/2002 13:00,0
1/10/2002 14:00,0
1/10/2002 15:00,0
1/10/2002 16:00,0
1/10/2002 17:00,0
1/10/2002 18:00,0
1/10/2002 19:00,0
1/10/2002 20:00,0
1/10/2002 21:00,0
1/10/2002 22:00,0
1/10/2002 23:00,0
1/11/2002 0:00,0
1/11/2002 1:00,0
1/11/2002 2:00,0
1/11/2002 3:00,0
1/11/2002 4:00,0
1/11/2002 5:00,0
1/11/2002 6:00,0
1/11/2002 7:00,0
1/11/2002 8:00,0
1/11/2002 9:00,0
1/11/2002 10:00,0
1/11/2002 11:00,0
1/11/2002 12:00,0
1/11/2002 13:00,0
1/11/2002 14:00,0
1/11/2002 15:00,0
1/11/2002 16:00,0
1/11/2002 17:00,0
1/11/2002 18:00,0
1/11/2002 19:00,0
1/11/2002 20:00,0
1/11/2002 21:00,0
1/11/2002 22:00,0
1/11/2002 23:00,0
1/12/2002 0:00,0
1/12/2002 1:00,0
1/12/2002 2:00,0.0951
1/12/2002 3:00,0
1/12/2002 4:00,0.0951
1/12/2002 5:00,0
1/12/2002 6:00,0
1/12/2002 7:00,0
1/12/2002 8:00,0.0951
1/12/2002 9:00,0
1/12/2002 10:00,0
1/12/2002 11:00,0
1/12/2002 12:00,0
1/12/2002 13:00,0
1/12/2002 14:00,0
1/12/2002 15:00,0
1/12/2002 16:00,0
1/12/2002 17:00,0
1/12/2002 18:00,0
1/12/2002 19:00,0
1/12/2002 20:00,0
1/12/2002 21:00,0
1/12/2002 22:00,0
1/12/2002 23:00,0
1/13/2002 0:00,0
1/13/2002 1:00,0
1/13/2002 2:00,0
1/13/2002 3:00,0
1/13/2002 4:00,0
1/13/2002 5:00,0
1/13/2002 6:00,0
1/13/2002 7:00,0
1/13/2002 8:00,0
1/13/2002 9:00,0
1/13/2002 10:00,0
1/13/2002 11:00,0
1/13/2002 12:00,0
1/13/2002 13:00,0
1/13/2002 14:00,0
1/13/2002 15:00,0
1/13/2002 16:00,0
1/13/2002 17:00,0
1/13/2002 18:00,0
1/13/2002 19:00,0
1/13/2002 20:00,0
1/13/2002 21:00,0
1/13/2002 22:00,0
1/13/2002 23:00,0
1/14/2002 0:00,0
1/14/2002 1:00,0
1/14/2002 2:00,0
1/14/2002 3:00,0
1/14/2002 4:00,0
1/14/2002 5:00,0
1/14/2002 6:00,0
1/14/2002 7:00,0
1/14/2002 8:00,0
1/14/2002 9:00,0
1/14/2002 10:00,0
1/14/2002 11:00,0
1/14/2002 12:00,0
1/14/2002 13:00,0
1/14/2002 14:00,0
1/14/2002 15:00,0
1/14/2002 16:00,0
1/14/2002 17:00,0
1/14/2002 18:00,0
1/14/2002 19:00,0
1/14/2002 20:00,0
1/14/2002 21:00,0
1/14/2002 22:00,0
1/14/2002 23:00,0
1/15/2002 0:00,0
1/15/2002 1:00,0
1/15/2002 2:00,0
1/15/2002 3:00,0
1/15/2002 4:00,0
1/15/2002 5:00,0
1/15/2002 6:00,0
1/15/2002 7:00,0
1/15/2002 8:00,0
1/15/2002 9:00,0
1/15/2002 10:00,0
1/15/2002 11:00,0
1/15/2002 12:00,0
1/15/2002 13:00,0
1/15/2002 14:00,0
1/15/2002 15:00,0
1/15/2002 16:00,0
1/15/2002 17:00,0
1/15/2002 18:00,0
1/15/2002 19:00,0
1/15/2002 20:00,0
1/15/2002 21:00,0
1/15/2002 22:00,0
1/15/2002 23:00,0
1/16/2002 0:00,0
1/16/2002 1:00,0
1/16/2002 2:00,0
1/16/2002 3:00,0
1/16/2002 4:00,0
1/16/2002 5:00,0
1/16/2002 6:00,0
1/16/2002 7:00,0
1/16/2002 8:00,0
1/16/2002 9:00,0
1/16/2002 10:00,0
1/16/2002 11:00,0
1/16/2002 12:00,0
1/16/2002 13:00,0
1/16/2002 14:00,0
1/16/2002 15:00,0.1084
1/16/2002 16:00,0.1084
1/16/2002 17:00,0.1084
1/16/2002 18:00,0
1/16/2002 19:00,0.0542
1/16/2002 20:00,0
1/16/2002 21:00,0
1/16/2002 22:00,0
1/16/2002 23:00,0
1/17/2002 0:00,0
1/17/2002 1:00,0
1/17/2002 2:00,0
1/17/2002 3:00,0
1/17/2002 4:00,0
1/17/2002 5:00,0
1/17/2002 6:00,0
1/17/2002 7:00,0
1/17/2002 8:00,0
1/17/2002 9:00,0
1/17/2002 10:00,0
1/17/2002 11:00,0
1/17/2002 12:00,0
1/17/2002 13:00,0
1/17/2002 14:00,0
1/17/2002 15:00,0
1/17/2002 16:00,0
1/17/2002 17:00,0
1/17/2002 18:00,0
1/17/2002 19:00,0
1/17/2002 20:00,0
1/17/2002 21:00,0
1/17/2002 22:00,0
1/17/2002 23:00,0
1/18/2002 0:00,0
1/18/2002 1:00,0
1/18/2002 2:00,0
1/18/2002 3:00,0
1/18/2002 4:00,0
1/18/2002 5:00,0
1/18/2002 6:00,0
1/18/2002 7:00,0
1/18/2002 8:00,0
1/18/2002 9:00,0
1/18/2002 10:00,0
1/18/2002 11:00,0
1/18/2002 12:00,0
1/18/2002 13:00,0
1/18/2002 14:00,0
1/18/2002 15:00,0
1/18/2002 16:00,0
1/18/2002 17:00,0
1/18/2002 18:00,0
1/18/2002 19:00,0
1/18/2002 20:00,0
1/18/2002 21:00,0.1068
1/18/2002 22:00,0.1068
1/18/2002 23:00,0.2136
1/19/2002 0:00,0.1636
1/19/2002 1:00,0.0545
1/19/2002 2:00,0
1/19/2002 3:00,0.0545
1/19/2002 4:00,0
1/19/2002 5:00,0
1/19/2002 6:00,0.1091
1/19/2002 7:00,0.1636
1/19/2002 8:00,0.1091
1/19/2002 9:00,0.0545
1/19/2002 10:00,0
1/19/2002 11:00,0
1/19/2002 12:00,0
1/19/2002 13:00,0
1/19/2002 14:00,0
1/19/2002 15:00,0
1/19/2002 16:00,0
1/19/2002 17:00,0
1/19/2002 18:00,0
1/19/2002 19:00,0
1/19/2002 20:00,0
1/19/2002 21:00,0
1/19/2002 22:00,0
1/19/2002 23:00,0
1/20/2002 0:00,0.0008
1/20/2002 1:00,0.0008
1/20/2002 2:00,0.0008
1/20/2002 3:00,0.0008
1/20/2002 4:00,0.0009
1/20/2002 5:00,0.0011
1/20/2002 6:00,0.0011
1/20/2002 7:00,0.0014
1/20/2002 8:00,0.0014
1/20/2002 9:00,0.0019
1/20/2002 10:00,0.0023
1/20/2002 11:00,0.0038
1/20/2002 12:00,0.0295
1/20/2002 13:00,0.0078
1/20/2002 14:00,0.0034
1/20/2002 15:00,0.0021
1/20/2002 16:00,0.0017
1/20/2002 17:00,0.0015
1/20/2002 18:00,0.0013
1/20/2002 19:00,0.0011
1/20/2002 20:00,0.001
1/20/2002 21:00,0.0008
1/20/2002 22:00,0.0008
1/20/2002 23:00,0.0008
1/21/2002 0:00,0
1/21/2002 1:00,0
1/21/2002 2:00,0
1/21/2002 3:00,0
1/21/2002 4:00,0
1/21/2002 5:00,0
1/21/2002 6:00,0
1/21/2002 7:00,0
1/21/2002 8:00,0
1/21/2002 9:00,0
1/21/2002 10:00,0
1/21/2002 11:00,0
1/21/2002 12:00,0
1/21/2002 13:00,0
1/21/2002 14:00,0
1/21/2002 15:00,0
1/21/2002 16:00,0
1/21/2002 17:00,0
1/21/2002 18:00,0
1/21/2002 19:00,0
1/21/2002 20:00,0
1/21/2002 21:00,0
1/21/2002 22:00,0
1/21/2002 23:00,0
1/22/2002 0:00,0
1/22/2002 1:00,0
1/22/2002 2:00,0
1/22/2002 3:00,0
1/22/2002 4:00,0
1/22/2002 5:00,0
1/22/2002 6:00,0
1/22/2002 7:00,0
1/22/2002 8:00,0
1/22/2002 9:00,0
1/22/2002 10:00,0
1/22/2002 11:00,0
1/22/2002 12:00,0
1/22/2002 13:00,0
1/22/2002 14:00,0
1/22/2002 15:00,0
1/22/2002 16:00,0
1/22/2002 17:00,0
1/22/2002 18:00,0
1/22/2002 19:00,0.0479
1/22/2002 20:00,0
1/22/2002 21:00,0
1/22/2002 22:00,0
1/22/2002 23:00,0
1/23/2002 0:00,0
1/23/2002 1:00,0
1/23/2002 2:00,0
1/23/2002 3:00,0
1/23/2002 4:00,0
1/23/2002 5:00,0
1/23/2002 6:00,0
1/23/2002 7:00,0
1/23/2002 8:00,0
1/23/2002 9:00,0
1/23/2002 10:00,0
1/23/2002 11:00,0
1/23/2002 12:00,0
1/23/2002 13:00,0
1/23/2002 14:00,0
1/23/2002 15:00,0.0479
1/23/2002 16:00,0
1/23/2002 17:00,0
1/23/2002 18:00,0
1/23/2002 19:00,0
1/23/2002 20:00,0
1/23/2002 21:00,0
1/23/2002 22:00,0
1/23/2002 23:00,0
1/24/2002 0:00,0
1/24/2002 1:00,0
1/24/2002 2:00,0
1/24/2002 3:00,0
1/24/2002 4:00,0
1/24/2002 5:00,0
1/24/2002 6:00,0
1/24/2002 7:00,0
1/24/2002 8:00,0
1/24/2002 9:00,0
1/24/2002 10:00,0
1/24/2002 11:00,0
1/24/2002 12:00,0
1/24/2002 13:00,0
1/24/2002 14:00,0
1/24/2002 15:00,0
1/24/2002 16:00,0
1/24/2002 17:00,0
1/24/2002 18:00,0
1/24/2002 19:00,0
1/24/2002 20:00,0
1/24/2002 21:00,0
1/24/2002 22:00,0.0497
1/24/2002 23:00,0.0497
1/25/2002 0:00,0.0298
1/25/2002 1:00,0.0149
1/25/2002 2:00,0.0298
1/25/2002 3:00,0
1/25/2002 4:00,0
1/25/2002 5:00,0
1/25/2002 6:00,0
1/25/2002 7:00,0
1/25/2002 8:00,0
1/25/2002 9:00,0
1/25/2002 10:00,0
1/25/2002 11:00,0
1/25/2002 12:00,0
1/25/2002 13:00,0
1/25/2002 14:00,0
1/25/2002 15:00,0
1/25/2002 16:00,0
1/25/2002 17:00,0
1/25/2002 18:00,0
1/25/2002 19:00,0
1/25/2002 20:00,0
1/25/2002 21:00,0
1/25/2002 22:00,0
1/25/2002 23:00,0
1/26/2002 0:00,0
1/26/2002 1:00,0
1/26/2002 2:00,0
1/26/2002 3:00,0
1/26/2002 4:00,0
1/26/2002 5:00,0
1/26/2002 6:00,0
1/26/2002 7:00,0
1/26/2002 8:00,0
1/26/2002 9:00,0
1/26/2002 10:00,0
1/26/2002 11:00,0
1/26/2002 12:00,0
1/26/2002 13:00,0
1/26/2002 14:00,0
1/26/2002 15:00,0
1/26/2002 16:00,0
1/26/2002 17:00,0
1/26/2002 18:00,0
1/26/2002 19:00,0
1/26/2002 20:00,0
1/26/2002 21:00,0
1/26/2002 22:00,0
1/26/2002 23:00,0
1/27/2002 0:00,0.0005
1/27/2002 1:00,0.0005
1/27/2002 2:00,0.0006
1/27/2002 3:00,0.0006
1/27/2002 4:00,0.0006
1/27/2002 5:00,0.0007
1/27/2002 6:00,0.0007
1/27/2002 7:00,0.0009
1/27/2002 8:00,0.0009
1/27/2002 9:00,0.0012
1/27/2002 10:00,0.0016
1/27/2002 11:00,0.0025
1/27/2002 12:00,0.0197
1/27/2002 13:00,0.0052
1/27/2002 14:00,0.0023
1/27/2002 15:00,0.0014
1/27/2002 16:00,0.0012
1/27/2002 17:00,0.001
1/27/2002 18:00,0.0009
1/27/2002 19:00,0.0007
1/27/2002 20:00,0.0007
1/27/2002 21:00,0.0006
1/27/2002 22:00,0.0006
1/27/2002 23:00,0.0006
1/28/2002 0:00,0.0003
1/28/2002 1:00,0.0003
1/28/2002 2:00,0.0003
1/28/2002 3:00,0.0003
1/28/2002 4:00,0.0003
1/28/2002 5:00,0.0004
1/28/2002 6:00,0.0004
1/28/2002 7:00,0.0005
1/28/2002 8:00,0.0005
1/28/2002 9:00,0.0006
1/28/2002 10:00,0.0008
1/28/2002 11:00,0.0013
1/28/2002 12:00,0.0098
1/28/2002 13:00,0.0026
1/28/2002 14:00,0.0011
1/28/2002 15:00,0.0007
1/28/2002 16:00,0.0006
1/28/2002 17:00,0.0005
1/28/2002 18:00,0.0004
1/28/2002 19:00,0.0004
1/28/2002 20:00,0.0003
1/28/2002 21:00,0.0003
1/28/2002 22:00,0.0003
1/28/2002 23:00,0.0003
1/29/2002 0:00,0
1/29/2002 1:00,0
1/29/2002 2:00,0
1/29/2002 3:00,0
1/29/2002 4:00,0
1/29/2002 5:00,0
1/29/2002 6:00,0
1/29/2002 7:00,0
1/29/2002 8:00,0
1/29/2002 9:00,0
1/29/2002 10:00,0
1/29/2002 11:00,0
1/29/2002 12:00,0
1/29/2002 13:00,0
1/29/2002 14:00,0
1/29/2002 15:00,0
1/29/2002 16:00,0
1/29/2002 17:00,0
1/29/2002 18:00,0
1/29/2002 19:00,0
1/29/2002 20:00,0
1/29/2002 21:00,0
1/29/2002 22:00,0
1/29/2002 23:00,0
1/30/2002 0:00,0
1/30/2002 1:00,0
1/30/2002 2:00,0
1/30/2002 3:00,0
1/30/2002 4:00,0
1/30/2002 5:00,0
1/30/2002 6:00,0
1/30/2002 7:00,0
1/30/2002 8:00,0.163
1/30/2002 9:00,0
1/30/2002 10:00,0
1/30/2002 11:00,0
1/30/2002 12:00,0
1/30/2002 13:00,0
1/30/2002 14:00,0
1/30/2002 15:00,0
1/30/2002 16:00,0
1/30/2002 17:00,0
1/30/2002 18:00,0
1/30/2002 19:00,0
1/30/2002 20:00,0
1/30/2002 21:00,0
1/30/2002 22:00,0
1/30/2002 23:00,0
1/31/2002 0:00,0
1/31/2002 1:00,0
1/31/2002 2:00,0
1/31/2002 3:00,0
1/31/2002 4:00,0
1/31/2002 5:00,0
1/31/2002 6:00,0
1/31/2002 7:00,0
1/31/2002 8:00,0
1/31/2002 9:00,0
1/31/2002 10:00,0
1/31/2002 11:00,0
1/31/2002 12:00,0
1/31/2002 13:00,0
1/31/2002 14:00,0
1/31/2002 15:00,0
1/31/2002 16:00,0
1/31/2002 17:00,0.0862
1/31/2002 18:00,0.0862
1/31/2002 19:00,0.1725
1/31/2002 20:00,0.0862
1/31/2002 21:00,0.0862
1/31/2002 22:00,0
1/31/2002 23:00,0
2/1/2002 0:00,0
2/1/2002 1:00,0
2/1/2002 2:00,0
2/1/2002 3:00,0
2/1/2002 4:00,0
2/1/2002 5:00,0
2/1/2002 6:00,0
2/1/2002 7:00,0
2/1/2002 8:00,0
2/1/2002 9:00,0
2/1/2002 10:00,0
2/1/2002 11:00,0
2/1/2002 12:00,0
2/1/2002 13:00,0
2/1/2002 14:00,0
2/1/2002 15:00,0
2/1/2002 16:00,0
2/1/2002 17:00,0
2/1/2002 18:00,0
2/1/2002 19:00,0
2/1/2002 20:00,0
2/1/2002 21:00,0
2/1/2002 22:00,0
2/1/2002 23:00,0
2/2/2002 0:00,0
2/2/2002 1:00,0
2/2/2002 2:00,0
2/2/2002 3:00,0
2/2/2002 4:00,0
2/2/2002 5:00,0
2/2/2002 6:00,0
2/2/2002 7:00,0
2/2/2002 8:00,0
2/2/2002 9:00,0
2/2/2002 10:00,0
2/2/2002 11:00,0
2/2/2002 12:00,0
2/2/2002 13:00,0
2/2/2002 14:00,0
2/2/2002 15:00,0
2/2/2002 16:00,0
2/2/2002 17:00,0
2/2/2002 18:00,0
2/2/2002 19:00,0
2/2/2002 20:00,0
2/2/2002 21:00,0
2/2/2002 22:00,0
2/2/2002 23:00,0
2/3/2002 0:00,0
2/3/2002 1:00,0
2/3/2002 2:00,0
2/3/2002 3:00,0
2/3/2002 4:00,0
2/3/2002 5:00,0
2/3/2002 6:00,0
2/3/2002 7:00,0
2/3/2002 8:00,0
2/3/2002 9:00,0
2/3/2002 10:00,0
2/3/2002 11:00,0
2/3/2002 12:00,0
2/3/2002 13:00,0.1818
2/3/2002 14:00,0.2272
2/3/2002 15:00,0.3181
2/3/2002 16:00,0.0909
2/3/2002 17:00,0.0454
2/3/2002 18:00,0
2/3/2002 19:00,0
2/3/2002 20:00,0
2/3/2002 21:00,0
2/3/2002 22:00,0
2/3/2002 23:00,0
2/4/2002 0:00,0
2/4/2002 1:00,0
2/4/2002 2:00,0
2/4/2002 3:00,0
2/4/2002 4:00,0
2/4/2002 5:00,0
2/4/2002 6:00,0
2/4/2002 7:00,0
2/4/2002 8:00,0
2/4/2002 9:00,0
2/4/2002 10:00,0
2/4/2002 11:00,0
2/4/2002 12:00,0
2/4/2002 13:00,0
2/4/2002 14:00,0
2/4/2002 15:00,0
2/4/2002 16:00,0
2/4/2002 17:00,0
2/4/2002 18:00,0
2/4/2002 19:00,0
2/4/2002 20:00,0
2/4/2002 21:00,0
2/4/2002 22:00,0
2/4/2002 23:00,0
2/5/2002 0:00,0
2/5/2002 1:00,0
2/5/2002 2:00,0
2/5/2002 3:00,0
2/5/2002 4:00,0
2/5/2002 5:00,0
2/5/2002 6:00,0
2/5/2002 7:00,0
2/5/2002 8:00,0
2/5/2002 9:00,0
2/5/2002 10:00,0
2/5/2002 11:00,0
2/5/2002 12:00,0
2/5/2002 13:00,0
2/5/2002 14:00,0
2/5/2002 15:00,0
2/5/2002 16:00,0
2/5/2002 17:00,0
2/5/2002 18:00,0
2/5/2002 19:00,0
2/5/2002 20:00,0
2/5/2002 21:00,0
2/5/2002 22:00,0
2/5/2002 23:00,0
2/6/2002 0:00,0
2/6/2002 1:00,0
2/6/2002 2:00,0
2/6/2002 3:00,0
2/6/2002 4:00,0
2/6/2002 5:00,0
2/6/2002 6:00,0
2/6/2002 7:00,0
2/6/2002 8:00,0
2/6/2002 9:00,0
2/6/2002 10:00,0
2/6/2002 11:00,0
2/6/2002 12:00,0
2/6/2002 13:00,0
2/6/2002 14:00,0
2/6/2002 15:00,0
2/6/2002 16:00,0
2/6/2002 17:00,0
2/6/2002 18:00,0
2/6/2002 19:00,0
2/6/2002 20:00,0.0411
2/6/2002 21:00,0.3288
2/6/2002 22:00,0.2877
2/6/2002 23:00,0.0411
2/7/2002 0:00,0
2/7/2002 1:00,0
2/7/2002 2:00,0
2/7/2002 3:00,0
2/7/2002 4:00,0
2/7/2002 5:00,0
2/7/2002 6:00,0
2/7/2002 7:00,0
2/7/2002 8:00,0
2/7/2002 9:00,0
2/7/2002 10:00,0
2/7/2002 11:00,0
2/7/2002 12:00,0
2/7/2002 13:00,0.0459
2/7/2002 14:00,0
2/7/2002 15:00,0
2/7/2002 16:00,0.0459
2/7/2002 17:00,0
2/7/2002 18:00,0.0917
2/7/2002 19:00,0.1835
2/7/2002 20:00,0.4128
2/7/2002 21:00,0.3211
2/7/2002 22:00,0
2/7/2002 23:00,0
2/8/2002 0:00,0
2/8/2002 1:00,0
2/8/2002 2:00,0.0632
2/8/2002 3:00,0.0632
2/8/2002 4:00,0
2/8/2002 5:00,0
2/8/2002 6:00,0.0632
2/8/2002 7:00,0
2/8/2002 8:00,0
2/8/2002 9:00,0
2/8/2002 10:00,0
2/8/2002 11:00,0
2/8/2002 12:00,0
2/8/2002 13:00,0
2/8/2002 14:00,0
2/8/2002 15:00,0
2/8/2002 16:00,0
2/8/2002 17:00,0
2/8/2002 18:00,0
2/8/2002 19:00,0
2/8/2002 20:00,0
2/8/2002 21:00,0
2/8/2002 22:00,0
2/8/2002 23:00,0
2/9/2002 0:00,0
2/9/2002 1:00,0
2/9/2002 2:00,0
2/9/2002 3:00,0
2/9/2002 4:00,0
2/9/2002 5:00,0
2/9/2002 6:00,0
2/9/2002 7:00,0
2/9/2002 8:00,0
2/9/2002 9:00,0
2/9/2002 10:00,0
2/9/2002 11:00,0
2/9/2002 12:00,0
2/9/2002 13:00,0
2/9/2002 14:00,0
2/9/2002 15:00,0
2/9/2002 16:00,0
2/9/2002 17:00,0
2/9/2002 18:00,0
2/9/2002 19:00,0
2/9/2002 20:00,0
2/9/2002 21:00,0
2/9/2002 22:00,0
2/9/2002 23:00,0
2/10/2002 0:00,0
2/10/2002 1:00,0
2/10/2002 2:00,0
2/10/2002 3:00,0
2/10/2002 4:00,0
2/10/2002 5:00,0
2/10/2002 6:00,0
2/10/2002 7:00,0
2/10/2002 8:00,0
2/10/2002 9:00,0
2/10/2002 10:00,0
2/10/2002 11:00,0
2/10/2002 12:00,0
2/10/2002 13:00,0
2/10/2002 14:00,0
2/10/2002 15:00,0
2/10/2002 16:00,0
2/10/2002 17:00,0
2/10/2002 18:00,0
2/10/2002 19:00,0
2/10/2002 20:00,0
2/10/2002 21:00,0
2/10/2002 22:00,0
2/10/2002 23:00,0
2/11/2002 0:00,0
2/11/2002 1:00,0
2/11/2002 2:00,0
2/11/2002 3:00,0
2/11/2002 4:00,0
2/11/2002 5:00,0
2/11/2002 6:00,0
2/11/2002 7:00,0
2/11/2002 8:00,0
2/11/2002 9:00,0
2/11/2002 10:00,0
2/11/2002 11:00,0
2/11/2002 12:00,0
2/11/2002 13:00,0
2/11/2002 14:00,0
2/11/2002 15:00,0
2/11/2002 16:00,0
2/11/2002 17:00,0
2/11/2002 18:00,0
2/11/2002 19:00,0
2/11/2002 20:00,0
2/11/2002 21:00,0
2/11/2002 22:00,0
2/11/2002 23:00,0
2/12/2002 0:00,0
2/12/2002 1:00,0
2/12/2002 2:00,0
2/12/2002 3:00,0
2/12/2002 4:00,0
2/12/2002 5:00,0
2/12/2002 6:00,0
2/12/2002 7:00,0
2/12/2002 8:00,0
2/12/2002 9:00,0
2/12/2002 10:00,0
2/12/2002 11:00,0
2/12/2002 12:00,0
2/12/2002 13:00,0
2/12/2002 14:00,0
2/12/2002 15:00,0
2/12/2002 16:00,0
2/12/2002 17:00,0
2/12/2002 18:00,0
2/12/2002 19:00,0
2/12/2002 20:00,0
2/12/2002 21:00,0
2/12/2002 22:00,0
2/12/2002 23:00,0
2/13/2002 0:00,0
2/13/2002 1:00,0
2/13/2002 2:00,0
2/13/2002 3:00,0
2/13/2002 4:00,0
2/13/2002 5:00,0
2/13/2002 6:00,0
2/13/2002 7:00,0
2/13/2002 8:00,0
2/13/2002 9:00,0
2/13/2002 10:00,0
2/13/2002 11:00,0
2/13/2002 12:00,0
2/13/2002 13:00,0
2/13/2002 14:00,0
2/13/2002 15:00,0
2/13/2002 16:00,0
2/13/2002 17:00,0
2/13/2002 18:00,0
2/13/2002 19:00,0
2/13/2002 20:00,0
2/13/2002 21:00,0
2/13/2002 22:00,0
2/13/2002 23:00,0
2/14/2002 0:00,0
2/14/2002 1:00,0
2/14/2002 2:00,0
2/14/2002 3:00,0
2/14/2002 4:00,0
2/14/2002 5:00,0
2/14/2002 6:00,0
2/14/2002 7:00,0
2/14/2002 8:00,0
2/14/2002 9:00,0
2/14/2002 10:00,0
2/14/2002 11:00,0
2/14/2002 12:00,0
2/14/2002 13:00,0
2/14/2002 14:00,0
2/14/2002 15:00,0
2/14/2002 16:00,0
2/14/2002 17:00,0
2/14/2002 18:00,0
2/14/2002 19:00,0
2/14/2002 20:00,0
2/14/2002 21:00,0
2/14/2002 22:00,0
2/14/2002 23:00,0
2/15/2002 0:00,0
2/15/2002 1:00,0
2/15/2002 2:00,0
2/15/2002 3:00,0
2/15/2002 4:00,0
2/15/2002 5:00,0
2/15/2002 6:00,0
2/15/2002 7:00,0
2/15/2002 8:00,0
2/15/2002 9:00,0
2/15/2002 10:00,0
2/15/2002 11:00,0
2/15/2002 12:00,0
2/15/2002 13:00,0
2/15/2002 14:00,0
2/15/2002 15:00,0
2/15/2002 16:00,0
2/15/2002 17:00,0
2/15/2002 18:00,0
2/15/2002 19:00,0
2/15/2002 20:00,0
2/15/2002 21:00,0
2/15/2002 22:00,0
2/15/2002 23:00,0
2/16/2002 0:00,0
2/16/2002 1:00,0
2/16/2002 2:00,0
2/16/2002 3:00,0
2/16/2002 4:00,0
2/16/2002 5:00,0
2/16/2002 6:00,0
2/16/2002 7:00,0
2/16/2002 8:00,0
2/16/2002 9:00,0
2/16/2002 10:00,0
2/16/2002 11:00,0
2/16/2002 12:00,0
2/16/2002 13:00,0
2/16/2002 14:00,0
2/16/2002 15:00,0
2/16/2002 16:00,0
2/16/2002 17:00,0
2/16/2002 18:00,0
2/16/2002 19:00,0
2/16/2002 20:00,0
2/16/2002 21:00,0
2/16/2002 22:00,0
2/16/2002 23:00,0
2/17/2002 0:00,0
2/17/2002 1:00,0
2/17/2002 2:00,0
2/17/2002 3:00,0
2/17/2002 4:00,0
2/17/2002 5:00,0
2/17/2002 6:00,0
2/17/2002 7:00,0
2/17/2002 8:00,0
2/17/2002 9:00,0
2/17/2002 10:00,0
2/17/2002 11:00,0
2/17/2002 12:00,0
2/17/2002 13:00,0
2/17/2002 14:00,0
2/17/2002 15:00,0
2/17/2002 16:00,0
2/17/2002 17:00,0
2/17/2002 18:00,0
2/17/2002 19:00,0
2/17/2002 20:00,0
2/17/2002 21:00,0
2/17/2002 22:00,0
2/17/2002 23:00,0.0497
2/18/2002 0:00,0
2/18/2002 1:00,0
2/18/2002 2:00,0
2/18/2002 3:00,0
2/18/2002 4:00,0
2/18/2002 5:00,0
2/18/2002 6:00,0
2/18/2002 7:00,0
2/18/2002 8:00,0
2/18/2002 9:00,0
2/18/2002 10:00,0
2/18/2002 11:00,0
2/18/2002 12:00,0
2/18/2002 13:00,0
2/18/2002 14:00,0
2/18/2002 15:00,0
2/18/2002 16:00,0
2/18/2002 17:00,0
2/18/2002 18:00,0
2/18/2002 19:00,0
2/18/2002 20:00,0
2/18/2002 21:00,0
2/18/2002 22:00,0
2/18/2002 23:00,0
2/19/2002 0:00,0
2/19/2002 1:00,0
2/19/2002 2:00,0
2/19/2002 3:00,0
2/19/2002 4:00,0.0579
2/19/2002 5:00,0
2/19/2002 6:00,0
2/19/2002 7:00,0.1738
2/19/2002 8:00,0.1159
2/19/2002 9:00,0.1159
2/19/2002 10:00,0.2318
2/19/2002 11:00,0
2/19/2002 12:00,0
2/19/2002 13:00,0
2/19/2002 14:00,0
2/19/2002 15:00,0
2/19/2002 16:00,0
2/19/2002 17:00,0.2318
2/19/2002 18:00,0
2/19/2002 19:00,0
2/19/2002 20:00,0
2/19/2002 21:00,0
2/19/2002 22:00,0
2/19/2002 23:00,0
2/20/2002 0:00,0
2/20/2002 1:00,0
2/20/2002 2:00,0
2/20/2002 3:00,0
2/20/2002 4:00,0
2/20/2002 5:00,0
2/20/2002 6:00,0
2/20/2002 7:00,0
2/20/2002 8:00,0
2/20/2002 9:00,0
2/20/2002 10:00,0
2/20/2002 11:00,0
2/20/2002 12:00,0
2/20/2002 13:00,0
2/20/2002 14:00,0
2/20/2002 15:00,0
2/20/2002 16:00,0
2/20/2002 17:00,0
2/20/2002 18:00,0
2/20/2002 19:00,0
2/20/2002 20:00,0
2/20/2002 21:00,0
2/20/2002 22:00,0
2/20/2002 23:00,0
2/21/2002 0:00,0
2/21/2002 1:00,0
2/21/2002 2:00,0
2/21/2002 3:00,0
2/21/2002 4:00,0
2/21/2002 5:00,0
2/21/2002 6:00,0
2/21/2002 7:00,0.1099
2/21/2002 8:00,0.2748
2/21/2002 9:00,0.2748
2/21/2002 10:00,0.055
2/21/2002 11:00,0
2/21/2002 12:00,0
2/21/2002 13:00,0
2/21/2002 14:00,0
2/21/2002 15:00,0
2/21/2002 16:00,0
2/21/2002 17:00,0
2/21/2002 18:00,0
2/21/2002 19:00,0
2/21/2002 20:00,0
2/21/2002 21:00,0
2/21/2002 22:00,0
2/21/2002 23:00,0
2/22/2002 0:00,0
2/22/2002 1:00,0
2/22/2002 2:00,0
2/22/2002 3:00,0
2/22/2002 4:00,0
2/22/2002 5:00,0
2/22/2002 6:00,0
2/22/2002 7:00,0
2/22/2002 8:00,0
2/22/2002 9:00,0
2/22/2002 10:00,0
2/22/2002 11:00,0
2/22/2002 12:00,0
2/22/2002 13:00,0
2/22/2002 14:00,0
2/22/2002 15:00,0
2/22/2002 16:00,0
2/22/2002 17:00,0
2/22/2002 18:00,0
2/22/2002 19:00,0
2/22/2002 20:00,0
2/22/2002 21:00,0
2/22/2002 22:00,0
2/22/2002 23:00,0
2/23/2002 0:00,0
2/23/2002 1:00,0
2/23/2002 2:00,0
2/23/2002 3:00,0
2/23/2002 4:00,0
2/23/2002 5:00,0
2/23/2002 6:00,0
2/23/2002 7:00,0
2/23/2002 8:00,0
2/23/2002 9:00,0.0709
2/23/2002 10:00,0
2/23/2002 11:00,0
2/23/2002 12:00,0
2/23/2002 13:00,0
2/23/2002 14:00,0
2/23/2002 15:00,0
2/23/2002 16:00,0
2/23/2002 17:00,0
2/23/2002 18:00,0
2/23/2002 19:00,0
2/23/2002 20:00,0
2/23/2002 21:00,0
2/23/2002 22:00,0
2/23/2002 23:00,0
2/24/2002 0:00,0
2/24/2002 1:00,0
2/24/2002 2:00,0
2/24/2002 3:00,0.0479
2/24/2002 4:00,0
2/24/2002 5:00,0
2/24/2002 6:00,0.0957
2/24/2002 7:00,0.0957
2/24/2002 8:00,0.0957
2/24/2002 9:00,0.0479
2/24/2002 10:00,0
2/24/2002 11:00,0
2/24/2002 12:00,0
2/24/2002 13:00,0
2/24/2002 14:00,0
2/24/2002 15:00,0
2/24/2002 16:00,0
2/24/2002 17:00,0
2/24/2002 18:00,0
2/24/2002 19:00,0
2/24/2002 20:00,0
2/24/2002 21:00,0
2/24/2002 22:00,0
2/24/2002 23:00,0
2/25/2002 0:00,0
2/25/2002 1:00,0
2/25/2002 2:00,0
2/25/2002 3:00,0
2/25/2002 4:00,0
2/25/2002 5:00,0
2/25/2002 6:00,0
2/25/2002 7:00,0
2/25/2002 8:00,0
2/25/2002 9:00,0
2/25/2002 10:00,0
2/25/2002 11:00,0
2/25/2002 12:00,0
2/25/2002 13:00,0
2/25/2002 14:00,0
2/25/2002 15:00,0
2/25/2002 16:00,0
2/25/2002 17:00,0
2/25/2002 18:00,0
2/25/2002 19:00,0
2/25/2002 20:00,0
2/25/2002 21:00,0
2/25/2002 22:00,0
2/25/2002 23:00,0
2/26/2002 0:00,0
2/26/2002 1:00,0
2/26/2002 2:00,0
2/26/2002 3:00,0
2/26/2002 4:00,0
2/26/2002 5:00,0
2/26/2002 6:00,0
2/26/2002 7:00,0
2/26/2002 8:00,0
2/26/2002 9:00,0
2/26/2002 10:00,0
2/26/2002 11:00,0
